frames, LHipRoll, LHipPitch, LKneePitch, LAnkleRoll, LAnklePitch, RHipRoll, RHipPitch, RKneePitch, RAnkleRoll, RAnklePitch, HeadPitch, HeadYaw, LHipYawPitch, LElbowRoll, RElbowRoll, LWristYaw, RWristYaw, LShoulderRoll, LShoulderPitch, LElbowYaw, RShoulderRoll, RShoulderPitch, RElbowYaw
3.0,0.23089601204093096,-0.3315196671927313,0.3718512183466795,-0.06617334706703788,-0.03313332369609073,-0.1896410160905454,-0.09150250707164029,0.35367347995807247,-0.037292384554055966,-0.2785955504018353,-0.10601376565751913,0.0689621924070976,-0.05286403999067614,0.46384666500000055,1.0723969599385732,-0.4334880963419012,0.21437909356061835,0.03635454146605156,0.5048107226786768,-0.3675855073895648,0.3429848607400565,0.5908207427166192,0.3768937375740237
3.0083609022556392,0.2262023821178015,-0.3223534075537816,0.36003885211587666,-0.0690733075772773,-0.028313678931634913,-0.19300015729350542,-0.08536376060793674,0.3464127883437071,-0.036078022552449504,-0.275213356444274,-0.09578038481053638,0.07732016465620535,-0.05113175288912383,0.44680866500000016,1.042580834743345,-0.4401955683301387,0.22659231400222507,0.027845391248078954,0.48796695582746136,-0.3420578583594139,0.32160584096083455,0.6052695452517705,0.360161190747598
3.016721804511278,0.22157810141659964,-0.31339253690743085,0.34845111662979794,-0.07190588973511722,-0.023440328182803918,-0.1961773114004657,-0.0796298266462547,0.3394944128741398,-0.034886830152991856,-0.27197382107404594,-0.08562941053695827,0.0854636037317169,-0.04924187680474745,0.4296586650000002,1.0133651263968342,-0.4471365468568404,0.2394077227126915,0.01910361005917668,0.47159082641451167,-0.317123786791808,0.30118422383035975,0.6189421942700435,0.34330421967126595
3.0250827067669173,0.2170450007817213,-0.30467385228439303,0.33714744619680975,-0.07465474933837667,-0.018562775471890613,-0.19916184583864188,-0.0744273860435477,0.33313682945284906,-0.03373511133277656,-0.26891961105332907,-0.07561220648187224,0.09336661797549843,-0.047223290393639934,0.4126306650000005,0.9849680417573655,-0.45428288348393786,0.2526062661899815,0.010226322707958967,0.4558205032654157,-0.2929880138010794,0.28182108266271255,0.631835196697489,0.3264509582193606
3.0334436090225565,0.21262457408594612,-0.29623169416591416,0.326184126879124,-0.07730412597892207,-0.013731278209951956,-0.20194472252943943,-0.06985764398412585,0.327526580567324,-0.03263947928078115,-0.2660884490644306,-0.06577858431897238,0.10100503230113732,-0.04510597462301557,0.38832266499999984,0.9575967959893835,-0.4616045397122434,0.26596016092705255,0.001322863845172382,0.4407871444977435,-0.26984713257670706,0.26361153510873964,0.6439482956226354,0.3097285233988745
3.0418045112781957,0.20833771104287918,-0.2880975462870498,0.3156136955058716,-0.07983901230590021,-0.008996258430611945,-0.2045186911929819,-0.0659917455866648,0.3228100216998147,-0.0316161204211378,-0.2635119185033142,-0.056176302561168415,0.1083565674697198,-0.04292065804403615,0.35492466499999986,0.9314462021538898,-0.46906988429302293,0.2792407694817865,-0.007489051592026634,0.42661346171561443,-0.2478871414296254,0.24664356229751253,0.6552845544079119,0.29326209608510195
3.0501654135338345,0.20420443597627144,-0.28029967325566446,0.3054843886124287,-0.08224531520268401,-0.004407706055144167,-0.2068784558950817,-0.06286785678051676,0.3190873080680022,-0.030680040906190597,-0.26121447828220695,-0.046850590712903394,0.11540100174433368,-0.04069845516380844,0.3208766650000002,0.9066974061436031,-0.4766460068271796,0.2922265678085075,-0.01608761859310616,0.41341239169634314,-0.22728114385963796,0.23099689049156974,0.6658504145019104,0.27717402555271464
3.0585263157894738,0.20024365627328009,-0.2728628014105386,0.2958396488916308,-0.08451000676683716,-1.4582009233951577e-05,-0.20902081139467107,-0.06049006545855786,0.31640894462691005,-0.0298443340962498,-0.25921272592588557,-0.03784370458610212,0.1221203134512161,-0.03847050288031378,0.2916066649999998,0.8835167756071027,-0.4842990430871758,0.3047108508253348,-0.02435150435402506,0.4012858920433671,-0.20818725029034318,0.21674195000752622,0.6756557247263436,0.2615829648961547
3.066887218045113,0.19647292411281933,-0.2658078477257912,0.286717695937523,-0.08662126311342165,0.004135770938816766,-0.2109447463987657,-0.05882915099077619,0.31477507125884857,-0.029119507251097673,-0.2575149372378757,-0.029194518193118447,0.12849880318229112,-0.03626759995995451,0.26785666500000016,0.8620549497762572,-0.4919945073705208,0.31650883329008905,-0.03216447857915025,0.39032387562223897,-0.1907467126001404,0.20393892518186643,0.6847137401602029,0.24660304411193903
3.075248120300752,0.19290821487289467,-0.25915170087873424,0.2781511671555791,-0.0885685891809804,0.007998201808929701,-0.21265151143698147,-0.05782516043249058,0.3141374936255382,-0.028512903388953882,-0.2561208996840603,-0.020938157150604063,0.13452319459284734,-0.03411985448129318,0.23851066500000004,0.84244605534036,-0.49969762714694393,0.327463829922238,-0.039419901872306054,0.38060329673873766,-0.17508231854668538,0.19263690800462466,0.6930410891262208,0.2323430872361446
3.083609022556391,0.18956372538498512,-0.25290705784446665,0.27016683371801986,-0.09034292790431278,0.011530301868997665,-0.21414464971709044,-0.05739162388753675,0.3144043082625577,-0.02802825011867898,-0.255022044871363,-0.013105677984374597,0.14018271297679027,-0.03205634404127528,0.2036066650000003,0.824807091718539,-0.5073736752944271,0.33745224102308957,-0.046024866338864705,0.3721873999860287,-0.161297068710857,0.18287316671815826,0.7006577071962687,0.2189058794969053
3.0919699248120303,0.18645169492259747,-0.2470823185741558,0.26278539537352114,-0.09193675232613097,0.014692924559835535,-0.21542999000485813,-0.05742114596723776,0.31544681822403303,-0.027665361414264567,-0.2542018735884379,-0.005723797124476672,0.1454691410376792,-0.030104793323684147,0.17560866500000033,0.8092374872890903,-0.5149882953308179,0.3463871255155723,-0.05190379641129931,0.365125140509652,-0.14947315375575118,0.17467253920362924,0.7075867375673764,0.20638748995863881
3.1003308270676695,0.18358225148917814,-0.24168154046702453,0.2560213567928894,-0.09334413944790734,0.017450667901513717,-0.21651560127260086,-0.057792030962701586,0.31710830240499044,-0.0274200110584731,-0.25363665532289376,0.001185327270107094,0.15037685151396563,-0.028291273366707625,0.1457886650000001,0.7958188263600546,-0.5225078152350754,0.35422020958164946,-0.057001341047942265,0.35945078214543713,-0.1396712446934387,0.16804695937540715,0.7138543976128163,0.19487665460678769
3.1086917293233083,0.18096328561231065,-0.23670445347116412,0.2498829869628306,-0.09456082486546574,0.019772312875479488,-0.21741170956831493,-0.05837554105894104,0.3192140958439189,-0.027283988189974444,-0.2532963734525368,0.0076042582075432595,0.15490281655879304,-0.026639926541205294,0.11003066500000003,0.78461474492876,-0.5298995457112481,0.36094225262357493,-0.06128441979477224,0.3551836775083563,-0.13193010356871468,0.16299512309635933,0.7194898118771385,0.18445422425438085
3.1170526315789475,0.17860035346175082,-0.2321465357584762,0.24437236194601578,-0.09558423749365011,0.02163121184690649,-0.21813057825751542,-0.05904335319210811,0.3215823663611836,-0.027245336456790812,-0.2531458778615005,0.013520385751088599,0.1590465940157078,-0.02517272086837545,0.07853666500000046,0.7756709915976515,-0.5371320590737118,0.36658176945812165,-0.06474332329293729,0.35232823168315675,-0.1262665165991616,0.15950229833921337,0.7245248122538436,0.17519268105028293
3.1254135338345868,0.17649661069398556,-0.2279991490275928,0.239485490124971,-0.09641351395304057,0.023005621745698562,-0.21868635346985926,-0.0596747729798615,0.32403493917849924,-0.027288769155297765,-0.25314619893148677,0.018925974911634773,0.16281029096898628,-0.023909236870699124,0.049592665000000494,0.7690156484070753,-0.5441754453174533,0.371202184640069,-0.06739181187410372,0.3508740487243752,-0.12267554644994996,0.15754028247612503,0.7289937065531916,0.16715572673949017
3.133774436090226,0.1746527779916262,-0.22424973160885972,0.23521251785773212,-0.09704949246635111,0.02387897745342597,-0.21909487722938717,-0.06016328387441515,0.32640752760449004,-0.027396243878681073,-0.25325597100519703,0.023818155310325304,0.16619850517840798,-0.022866489669708376,0.02211466499999994,0.7646595048292198,-0.5510015423747339,0.374897567793256,-0.06926620187548743,0.3507962577482742,-0.12113109506463936,0.15706750770613576,0.7329330171289753,0.160397945174341
3.142135338345865,0.1730671388183126,-0.2208820466905584,0.23153801231243681,-0.09749468638891498,0.02424010163702552,-0.21937347134859483,-0.06042205495390942,0.32855877380977033,-0.027547672061911777,-0.25343290972972143,0.028198853130343253,0.16921824523065726,-0.022058788525380575,-0.006893334999999775,0.7625965767563382,-0.5575841380407968,0.37778716420950637,-0.07042347603977982,0.35205601302628986,-0.12158676341214682,0.15802929375441946,0.7363811916806053,0.15496454090829814
3.150496240601504,0.17173556945532226,-0.21787648216829011,0.22844131713341673,-0.09775323777259579,0.024083348117241336,-0.21954069571118862,-0.06038809864434769,0.33037758598253736,-0.027721731809495973,-0.2536352862860968,0.03207466662137975,0.1718788304507237,-0.021497635462445663,-0.04358733499999987,0.7628047610244176,-0.5638991415672353,0.38000898955888146,-0.0709384996114849,0.3546011602019275,-0.1239769897332265,0.16035824512401645,0.7393782887742262,0.15089115502737172
3.1588571428571433,0.17065160093125936,-0.21521039785210322,0.22589697553957835,-0.09783085163162669,0.02340867674863351,-0.21961608504603,-0.06002485581246405,0.3317883712779596,-0.02789674689092273,-0.2538233424255829,0.03545668714550676,0.17419177181441786,-0.021191664056705008,-0.08487133499999969,0.7652466148528188,-0.5699247234624082,0.3817127986969912,-0.07090046533516726,0.3583670585825871,-0.12821844345982314,0.16397478837546856,0.7419656410278058,0.14820375869466532
3.167218045112782,0.16980651200751698,-0.2128585150600237,0.22387521448270906,-0.09773471183843746,0.022221658706043958,-0.21961986869642702,-0.059323084625949415,0.3327539005359596,-0.028051591077552982,-0.2539605933965306,0.038360268449495576,0.17617063528533514,-0.02114661886801658,-0.12548133499999994,0.7698702485615535,-0.5756414225937909,0.38305276430272167,-0.07040872650895666,0.36327754743474966,-0.13421164801282934,0.1687878431768653,0.744185499274421,0.14691862420729596
3.1755789473684213,0.1691894519460497,-0.2107933429927476,0.22234248261341844,-0.09747337982377817,0.020533412006760118,-0.2195726782070434,-0.0583000351030292,0.3332756918756437,-0.02816657527643673,-0.2540149711005515,0.04080474750677289,0.1778308891643751,-0.02136537541452185,-0.16381533499999976,0.7766103190594997,-0.5810322202470609,0.38418021026305316,-0.0695682058237637,0.3692460423633373,-0.1418428022249576,0.17469561922943166,0.7460806613498994,0.14704237269829604
3.1839398496240605,0.1687875913685407,-0.20898563573190299,0.22126203402900202,-0.09705667748488271,0.0183604680351049,-0.21949524777929527,-0.05699699675367295,0.3333919562469247,-0.028224275295289043,-0.25395976692307176,0.04281312088344191,0.1791897371855716,-0.021847999993665074,-0.20355333500000022,0.785389110885793,-0.5860825813507743,0.3852367370102683,-0.0684845875541053,0.3761767462093509,-0.15098576724271576,0.18158652965356828,0.7476940894406371,0.14857209696516324
3.1923007518796997,0.1685862991231903,-0.20740487324179263,0.2205945491222443,-0.09649555591477467,0.015724570763595278,-0.21940811278093647,-0.055475405580016984,0.33317329886884306,-0.02821026054806631,-0.25377434232988394,0.044411681139052965,0.1802659392170448,-0.022591848078222832,-0.2440873349999998,0.7961176910377838,-0.590780463613639,0.3863480519317865,-0.067259510809984,0.3839659574766313,-0.161504183481271,0.1893402100368433,0.7490685201703091,0.1514955572773404
3.2006616541353385,0.16856934271261956,-0.2060197593888691,0.22029878332299904,-0.09580195175213567,0.01265241126909644,-0.21933131153410523,-0.05381178284632316,0.33271650667011293,-0.0281136884764458,-0.2534445851389695,0.045629618266781455,0.18107962152913196,-0.023591699458370738,-0.28340933500000015,0.8086971234352447,-0.5951162958339844,0.3876187788549077,-0.0659859815276248,0.3925034581180758,-0.17325368057319224,0.19782863111643528,0.7502460717964695,0.1557914474127069
3.2090225563909778,0.16871910950884644,-0.2047987297298788,0.2203322341332915,-0.09498863311180544,0.00917530101082584,-0.21928409554777278,-0.05209184618925872,0.3321368648726676,-0.02792773571252178,-0.2529630999545331,0.04649859160292242,0.18165207867224958,-0.024839927771911016,-0.3170593349999999,0.823019728652942,-0.5990829271190133,0.3891284685452649,-0.06474421067684785,0.4016739615896198,-0.1860841422895287,0.20691729200903472,0.7512678530264384,0.16142972760341204
3.217383458646617,0.16901684569350667,-0.2037104616626531,0.22065181660766342,-0.09406903718870867,0.00532878815742869,-0.21928465320647048,-0.05040417973508579,0.33155952881415274,-0.027649844744681747,-0.25232913215166164,0.04705227798667717,0.1820055690640778,-0.0263267015718809,-0.3529053349999999,0.838970374501268,-0.6026755491865087,0.3909289698715561,-0.06359806629037643,0.41135860142877695,-0.1998419881298168,0.216466480023866,0.7521735780437817,0.1683720205389918
3.2257443609022562,0.16944290961743824,-0.20272437948531816,0.2212145373273682,-0.09305710173096308,0.001152222011136247,-0.2193498516803881,-0.04883387126859995,0.33111052510798783,-0.02728177369770103,-0.25154823558151196,0.047325902223625635,0.1821631064188459,-0.028040213631034584,-0.38624133499999985,0.856427783144517,-0.6058915943064714,0.3930432519955716,-0.06259229833539517,0.4214364402415914,-0.21437243367431097,0.2263325824090567,0.7530011923602694,0.17657206608418188
3.234105263157895,0.1699770360767497,-0.20181114697103072,0.22197815696147877,-0.0919670926497104,-0.003311728732407914,-0.21949500148717416,-0.047456520094695344,0.33090796673505674,-0.026829446366908403,-0.2506317043945693,0.04735575609670309,0.18214824916069458,-0.029966934782661606,-0.41821533499999997,0.8752658407138016,-0.6087306117683433,0.3954656951863888,-0.06175065952631524,0.43178597889153886,-0.22952169285250432,0.23636943489509962,0.753786514072259,0.18597622992419086
3.2424661654135343,0.17059860785521347,-0.2009431402353677,0.22290183169943675,-0.09081343007287115,-0.008017597539353476,-0.21973364771945866,-0.04633298962631957,0.3310540395667433,-0.02630260938494701,-0.24959579864614698,0.04717871227468429,0.18198488994844197,-0.03209188825266271,-0.453613335,0.8953548957901302,-0.6111941260258612,0.39816379531428703,-0.06107500364409556,0.4422866458761799,-0.2451390869802942,0.24642969161563424,0.7545628950046562,0.1965240609549763
3.2508270676691735,0.17128693078719032,-0.20009489394973876,0.2239467241752688,-0.08961051515707708,-0.012917674536195058,-0.22007739146220875,-0.04550522609427104,0.3316282555035238,-0.02571431286438086,-0.24846080128895226,0.04683173948906484,0.18169704740100714,-0.034398940153698626,-0.4889133349999999,0.9165630336945634,-0.613285479872256,0.40108115839064995,-0.060545397768658,0.45282024734810095,-0.26107902771594194,0.25636620090637485,0.7553609060702993,0.20814889189329527
3.2591879699248123,0.17202150855249423,-0.19924351433258886,0.22507657497868497,-0.08837255994647147,-0.017962586653134403,-0.22053574436986342,-0.044993392716360055,0.33268237451293836,-0.025080239576568207,-0.24724995046310946,0.04635142528589487,0.1813086620519385,-0.03687110159262388,-0.5227133349999996,0.9387573142170245,-0.6150096661308444,0.40414160009084177,-0.060121238199226476,0.4632723589777513,-0.27720284393360334,0.26603337160589163,0.7562080509589997,0.2207784772934409
3.2675488721804515,0.17278231342508374,-0.19836905282514458,0.2262582264555014,-0.08711342250935916,-0.023101895788225926,-0.22111601876532302,-0.04479448199201672,0.33423728093656163,-0.0244179152571884,-0.24598829542267514,0.04577351251082779,0.18084339847889314,-0.039490837690411215,-0.5555133349999999,0.9618049612320939,-0.6163731514088236,0.4072541140306244,-0.0597433139450217,0.47353364185519536,-0.2933804258542979,0.2752885148024729,0.7571285120004168,0.23433566292655214
3.2759097744360908,0.17355004926088693,-0.19745483492301805,0.22746209123025643,-0.08584644949476902,-0.028284707148509947,-0.2218232549728374,-0.04488247318376576,0.33628196655496984,-0.023745838588094408,-0.24470152682355148,0.04513245545579075,0.18032445545071835,-0.04224037873146698,-0.5872133349999998,0.9855744935766612,-0.6173836954553507,0.41031843411305324,-0.05933671867995004,0.4835010658698547,-0.3094916635408617,0.2839931464820095,0.7581429317211725,0.24873908030551717
3.28427067669173,0.1743064031253587,-0.19648773928077984,0.2286625587266046,-0.08458432813225444,-0.03346027981313358,-0.22266018691697123,-0.045210003689361504,0.3387746330240205,-0.023082573486030336,-0.24341483235687555,0.04446100128775594,0.17977438581240981,-0.04510202864769942,-0.6171933349999996,1.0099367875871943,-0.6180501695902686,0.41323089229863297,-0.05881447398127681,0.4930790254728631,-0.3254276609816008,0.29201423722275965,0.759268233242452,0.26390386002455146
3.292631578947369,0.17503428212672018,-0.19545842292410232,0.2298383339034748,-0.08333894955151785,-0.03857863156210354,-0.2236272463229983,-0.04571142817479385,0.3416457887122385,-0.022445848315100898,-0.24215182684517003,0.043789801998646384,0.1792149276883029,-0.04805846610195925,-0.6431533349999995,1.0347660627992883,-0.6183823775298775,0.41589026469566387,-0.058081695275758016,0.5021803343933845,-0.34109171137718497,0.29922539594147923,0.7605174822438936,0.27974235752767634
3.300992481203008,0.1757180322337274,-0.19436148918266494,0.2309727034529545,-0.08212128512593561,-0.04359113012251687,-0.22472260515344278,-0.04630705399696073,0.3448030886583215,-0.021851706418681824,-0.2409336020109396,0.043147061665972736,0.17866684842821254,-0.051093033564504856,-0.6698733349999998,1.0599407834840113,-0.6183908817349788,0.41820330613606105,-0.057040108625902725,0.5107270877230172,-0.3564000238227326,0.305507975707138,0.7618997927575034,0.2961648849241702
3.3093533834586473,0.1763436361140864,-0.19319559578519727,0.23205372580399625,-0.08094127734836783,-0.04845106320001668,-0.22594225522426198,-0.04690827087325882,0.34813755940915064,-0.02131374993412908,-0.23977793534510808,0.04255822330280458,0.1781498025518683,-0.05419000997291332,-0.6995533349999995,1.0853444699188177,-0.6180868381492124,0.42008969580426414,-0.0555927123321546,0.5186513817736266,-0.37128219625535086,0.3107520907866368,0.7634202785569605,0.3130804425306368
3.3177142857142865,0.17689888732748207,-0.191963501423609,0.2330743424278664,-0.07980774653169488,-0.053114179983429086,-0.22728012327533129,-0.047423241208391614,0.3515307695436491,-0.020842514316983543,-0.2386986900864985,0.04204569901037986,0.1776822047660259,-0.0573348628273269,-0.7231733349999999,1.1108664145495217,-0.6174818418886818,0.42148615266507283,-0.053648372884873834,0.5258958842239991,-0.3856814342289945,0.3148575353533355,0.7650800513787428,0.3303974439371437
3.3260751879699253,0.177373538541268,-0.1906720499833442,0.23403240912947015,-0.07872831439353896,-0.057539197230178134,-0.2287282191359939,-0.04776278793575321,0.3548624565359393,-0.02044500457301867,-0.23770542957978055,0.041628646534987115,0.17728111893833196,-0.060514475895112774,-0.7482733349999998,1.1364022994780074,-0.6165877860941404,0.4223495273419945,-0.05112615018253975,0.5324142492683672,-0.399554519696443,0.3177345956541127,0.7668762666583324,0.34802442856687693
3.3344360902255645,0.17775942180234255,-0.18933209253880898,0.234930647215458,-0.07770934533805626,-0.06168826355286725,-0.23027681403930042,-0.04784611068054195,0.3580181039167305,-0.020124416185065993,-0.23680325956831913,0.0413227946812821,0.17696216371470885,-0.06371734907705491,-0.7863533349999997,1.1618547129920185,-0.6154167357724897,0.4226587341048398,-0.04795916177638986,0.5381713747327619,-0.4128715384378649,0.31930474887338367,0.7688022168938697,0.36587075592244456
3.3427969924812038,0.17805053929033782,-0.18795834811269105,0.2357765156372022,-0.0767559059911642,-0.06552737612576535,-0.23191464560910138,-0.047605978474433756,0.3608959798192444,-0.019880054516969378,-0.23599290170096315,0.04114031935592536,0.1767394352651276,-0.06693376741541708,-0.8234333350000003,1.1871335641228542,-0.6139808180434824,0.42241544967134265,-0.0440978193931332,0.5431435004003293,-0.42561537899612356,0.31950124343148356,0.7708474721680635,0.3838472759843366
3.3511578947368426,0.17824312338938508,-0.18656920508301214,0.2365820063962066,-0.07587174328286492,-0.06902674470505298,-0.23362914558214018,-0.0469930866026042,0.3634131970329166,-0.01970745653156029,-0.2352709911141235,0.041089771317726696,0.1766254474385636,-0.07015593669621085,-0.8528933349999996,1.2121563954588075,-0.612292129779246,0.42164357127619967,-0.03951230190649301,0.5473181490510124,-0.4377810198853775,0.31826955698825504,0.7729980667739321,0.4018669705447237
3.359518796992482,0.17833566534251546,-0.18518646597887267,0.23736336665338398,-0.07505928110529345,-0.07216109859871246,-0.23540668594119313,-0.045979323506647546,0.3655104316127638,-0.01959870846580513,-0.23463058082757166,0.04117605600293431,0.17663108940414654,-0.07337808360674429,-0.8813933349999999,1.2368485956421886,-0.6103626631876767,0.42038749147733373,-0.03419416571266584,0.5506939139415442,-0.4493746253630475,0.3155677299685006,0.7752367303084292,0.4198455606189519
3.367879699248121,0.17832891218817473,-0.18383503922253044,0.23814075208458743,-0.07431963531161578,-0.0749099330201178,-0.23723283883208457,-0.04455976688588823,0.36715503608206324,-0.019542943172862703,-0.23406182629146738,0.0414004650865811,0.17676560065440808,-0.07659651894746018,-0.9120933350000002,1.2611435141219063,-0.6082042494550842,0.4187093080988133,-0.028157034289265376,0.5532800985964941,-0.4604124731353427,0.31136657396255124,0.7775431610273903,0.4377020754736575
3.37624060150376,0.17822583211624582,-0.1825425821398141,0.23893781705625372,-0.07365264656276398,-0.07725769210215609,-0.23909264542246172,-0.04275331122743955,0.3683423971245935,-0.019526991667088794,-0.23355281514569406,0.04176075874250762,0.17703656305047866,-0.07980966295623527,-0.9445333349999999,1.284982481809062,-0.6058285201377719,0.4166851414512882,-0.02143635158636551,0.5550962168194263,-0.4709197399517313,0.3056497558613428,0.7798943387028446,0.4553593792399503
3.384601503759399,0.17803154881525168,-0.18133910026180844,0.23978124814153642,-0.07305693027994588,-0.07919388672398196,-0.24097088873719388,-0.04060191639559666,0.36909550833515503,-0.0195361554592133,-0.23309050046223073,0.04225129688525733,0.17744990940034752,-0.08301803237544446,-0.9773533350000002,1.308314742278108,-0.6032468855852366,0.4144007748337454,-0.01408822674524941,0.5561713627360644,-0.4809291730925039,0.29841376004088194,0.7822648736965994,0.4727446515379515
3.3929624060150383,0.17775324580701063,-0.18025650856813374,0.24070024834465742,-0.07252994272449594,-0.08071314619773771,-0.2428523654760777,-0.03816855289177408,0.3694628477357872,-0.01955505995250945,-0.23266169074264553,0.04286321702560642,0.17800994788205124,-0.08622418946877554,-1.012413335,1.3310972990603445,-0.6004705292976317,0.4119468661610214,-0.006187438429598614,0.5565434624218647,-0.49047967723502606,0.2896677322966967,0.784627388469052,0.4897898190202691
3.4013233082706775,0.17740004217407046,-0.17932816086696243,0.241725980136689,-0.07206806200631319,-0.08181520376501471,-0.2447221518842592,-0.03553399842990473,0.36951475930751737,-0.019568544815859366,-0.2322540469723087,0.043584655756728,0.1787194014559263,-0.08943265376753494,-1.0472733350000003,1.3532946853807857,-0.597510416774657,0.4094139968877711,0.00217529612076278,0.5562584202202892,-0.4996148470786853,0.2794332105271936,0.7869529272858847,0.5064319352417627
3.4096842105263163,0.1769828414731331,-0.178588353961404,0.2428909760185799,-0.07166668262099488,-0.08250481674969534,-0.24656585890272453,-0.03279270759734581,0.3693386305054018,-0.019562545089828878,-0.23185703624695306,0.04440101031803659,0.17957946125572127,-0.0926497778866292,-1.0835533350000002,1.3748786633860328,-0.5943773171089138,0.4068878284418202,0.010896651026263108,0.555369174203905,-0.5083814764075756,0.26774374835978276,0.7892113894738673,0.5226135067761176
3.4180451127819556,0.17651415598912035,-0.17807181360963695,0.24422852580780519,-0.07132032193664233,-0.08279162309245995,-0.24836987207188532,-0.030048027509840577,0.3690332277073777,-0.019524916942970833,-0.23146279295391825,0.04529523616608041,0.1805898528091101,-0.09588358929034775,-1.124213335,1.3958278604935874,-0.5910818353198516,0.4044446261228547,0.019864460261461613,0.553934676350051,-0.5168280739767798,0.25464443899115213,0.7913719812160105,0.5382827640212147
3.426406015037595,0.17600790881464537,-0.17781316954221163,0.2457720501864013,-0.07102273689668302,-0.08268993684035608,-0.2501215719905306,-0.02740706458087882,0.3687025945862728,-0.019446164488352326,-0.23106684218489676,0.04624817602315438,0.18174891381547756,-0.09914360039965787,-1.1644933350000004,1.4161273509574663,-0.5876344532195654,0.4021473865981107,0.02896174817963307,0.552018813881407,-0.525003415737099,0.24019134746111998,0.7934036805709463,0.5533938756599465
3.434766917293234,0.17547921653403378,-0.17784642695085226,0.24755447024528576,-0.07076704907703134,-0.08221848597061313,-0.25180953153848346,-0.02497551918319214,0.36844993224261974,-0.019320028789038605,-0.2306686458599118,0.04723891548046154,0.18305368210403486,-0.10244058990851528,-1.2030133349999996,1.4357681910881102,-0.5840455764525292,0.4000427691676541,0.0380708381089906,0.5496892888483239,-0.5329551614895616,0.2244508603883242,0.7952757101560624,0.5679071062659996
3.443127819548873,0.17494415554581433,-0.178204441906979,0.2496075828098075,-0.0705458761362083,-0.0814000966802182,-0.2534236865459929,-0.02285279585179177,0.3683718644288567,-0.019143906908072657,-0.23027193974220228,0.04824515990858268,0.18449999230942848,-0.10578635860983043,-1.2411933349999995,1.4547469167850162,-0.580325585260373,0.39815898492867324,0.04707735646920217,0.5470164733969161,-0.5407285621206174,0.20749896285809846,0.7969580117524444,0.5817889170602714
3.451488721804512,0.1744195152694738,-0.17891840810475967,0.25196145123376856,-0.07035146762694262,-0.08026132896136985,-0.254955477126711,-0.021127667917997736,0.3685534482222922,-0.01891907727319115,-0.22988483882336783,0.049243627177682894,0.1860825797358297,-0.10919346341597096,-1.2776133350000003,1.4730650121386315,-0.5764848864912174,0.39650474439575395,0.055873959848546484,0.5440722582712989,-0.5483652811566991,0.18942045266318663,0.7984217169750717,0.5950120103283196
3.4598496240601513,0.17392254164858295,-0.18001736215409006,0.254643821105314,-0.07017584309811034,-0.07883206889849181,-0.25639795747349,-0.01987472950797994,0.36906422383723453,-0.018650717321734078,-0.22951969908420466,0.05021045051619108,0.18779518983460586,-0.1126749335885328,-1.314293335,1.4907283578356572,-0.5725339644008554,0.3950693059520492,0.06436363038725534,0.5409289119405453,-0.5559023515464626,0.17030810245373312,0.7996396081062678,0.607555318498002
3.46821052631579,0.17347067448113068,-0.18152771437635404,0.2576795699218945,-0.0700109304070195,-0.07714508365683605,-0.25774587253567904,-0.019151808216270057,0.36995551226093887,-0.018347709891869023,-0.22919273495314044,0.051121585741498166,0.18963069169537958,-0.11624397346289383,-1.3529133349999998,1.507746667962467,-0.5684834278788954,0.3938236078422283,0.07246240958660673,0.5376579673253545,-0.5633712853915736,0.15026178055404515,0.8005865632155771,0.6194039393450327
3.4765714285714293,0.1730812821777366,-0.18347281168449658,0.2610901992689279,-0.0698487021839279,-0.07523554557887355,-0.2589957006409969,-0.018998442837416026,0.3712590725839477,-0.018022245612662864,-0.22892340340881545,0.05195321708027076,0.19158119394563963,-0.11991365616097349,-1.3892333350000001,1.5241329235497498,-0.5643440518743361,0.39272240844128864,0.08010147094545222,0.5343291524343873,-0.570797350869633,0.12938754125195445,0.8012399797856242,0.6305490192385304
3.4849323308270685,0.17277139756869567,-0.18587253866467474,0.2648933773858337,-0.06968130844275035,-0.07314053215702188,-0.2601456617818155,-0.019435457193241412,0.37298712949503604,-0.017689239078829178,-0.22873357709673792,0.052682155858960446,0.19363816146986249,-0.12369661292778637,-1.4215933350000003,1.539902810844031,-0.5601268109882476,0.39170730628777606,0.0872284660124532,0.5310093803176444,-0.5781990268977469,0.1077966952666594,0.8015801712308718,0.6409875867551829
3.493293233082708,0.17255745835162173,-0.18874296242668606,0.26910253923373184,-0.06950120341318965,-0.07089850890555477,-0.2611956919420784,-0.02046558839625524,0.37513368281253817,-0.01736558634476696,-0.22864653953634406,0.05328622648557954,0.19579253139490038,-0.12760472280190266,-1.450313335,1.5550741718359768,-0.555842903441526,0.3907104656158465,0.09380811477090541,0.5277618126196219,-0.5855876422477505,0.08560487085911864,0.8015907309334266,0.6507223393760493
3.5016541353383466,0.17245505569354003,-0.19209602616290897,0.2737265503030344,-0.06930126477858592,-0.06854880230798185,-0.2621473844844165,-0.022075060742226135,0.37767692215240717,-0.01706929973937436,-0.22868584498426225,0.053744634359368645,0.1980348268434786,-0.13164880733590567,-1.4779533349999998,1.5696664740301391,-0.551503763907309,0.38965883719211647,0.09982204791305278,0.5246450096868909,-0.5929672019214239,0.06293107567397985,0.8012588587251803,0.6597613863314037
3.510015037593986,0.17247869437606433,-0.195939295660117,0.2787694394297326,-0.06907490363880713,-0.06613107006747174,-0.2630039002349433,-0.024235939229864466,0.38058249705531555,-0.016818562749699333,-0.2288740933301542,0.05403831063211884,0.20035526703110318,-0.13583833502046774,-1.5081333350000001,1.5837003058157908,-0.5471210640140232,0.38847863995026966,0.10526794370610316,0.5217121786748843,-0.600334399703759,0.03989676890394271,0.8005756451158358,0.6681179509738625
3.518375939849625,0.17264156770185635,-0.2002757622557022,0.2842302048411522,-0.068816163676292,-0.06368477583718986,-0.26376984848391355,-0.026909053077264804,0.38380734099088115,-0.016630752390808183,-0.22923167613077441,0.05415022909922356,0.20274387237235586,-0.14018113993585088,-1.5386733350000004,1.5971969031044675,-0.5427066996688648,0.38709985737581365,0.11015803411094094,0.5190105294311737,-0.6076788120108472,0.016624952758359485,0.799536308998117,0.6758100363362616
3.5267368421052643,0.17295535016758787,-0.20510370493080404,0.2901026965412266,-0.06851980818336684,-0.061248675456400246,-0.26445114165287914,-0.030047252136386322,0.3873037198921254,-0.016521478814284608,-0.22977555321281398,0.05406569091470001,0.20519056336909322,-0.14468315895955022,-1.5672133350000002,1.6101777121481946,-0.5382727647149401,0.3854605042948175,0.11451708209182487,0.5165807461338591,-0.6149832645099869,-0.006760708488927156,0.7981403850503557,0.6828600577666897
3.535097744360903,0.17343001065636568,-0.21041661339945347,0.29637557698875916,-0.06818139380733844,-0.05886032146992773,-0.2650548268531519,-0.033598749212067534,0.39102317368909395,-0.01650369176518725,-0.2305181199692523,0.0537725732963381,0.20768525217392803,-0.1493481916014608,-1.5914133350000004,1.6226639926551278,-0.5338315108100752,0.38351043442838834,0.11837995342427679,0.5144565807620869,-0.6222243595828016,-0.030136734387516868,0.7963918575975145,0.6892944467275542
3.5434586466165423,0.1740736486148094,-0.21620317319741866,0.3030323608372605,-0.06779733008351745,-0.05655559236759095,-0.2655888979674396,-0.03751030913058603,0.3949200422499862,-0.016586900855730672,-0.2314662234211455,0.05326153890795808,0.21021792585584864,-0.15417768622227132,-1.6142733349999998,1.6346764644889475,-0.5293952937929901,0.38121448586809037,0.12178892086652313,0.5126645725007745,-0.6293731495917807,-0.05338063250704836,0.7942992382788405,0.6951432299977441
3.5518195488721815,0.1748923553609209,-0.22244731290953354,0.3100515333096707,-0.06736492405193005,-0.05436825255228645,-0.26606209221897287,-0.041730069893670736,0.3989543129079117,-0.01677655158632259,-0.23262038032049812,0.05252620316805786,0.2127787205390691,-0.15917055602152433,-1.6331733350000002,1.6462350003874282,-0.5249765071746251,0.3785547989555474,0.12479084576838594,0.5112238951638997,-0.6363959381543557,-0.07637165522512454,0.7918755854972455,0.7004395886265662
3.5601804511278203,0.17589010232317828,-0.22912831281252483,0.3174067455936908,-0.06688240948756077,-0.052329548537555046,-0.26648367544431095,-0.04620982017462563,0.40309359141678,-0.0170735918342576,-0.23397424315756693,0.05156325732993246,0.21535798573922962,-0.16432302776443242,-1.6455533350000002,1.657358366276951,-0.5205875037505657,0.37553218681941103,0.1274343818949944,0.5101463326912046,-0.6432551892763994,-0.0989915043346282,0.7891384642853541,0.7052194010552267
3.5685413533834596,0.17706865764387744,-0.23622097336423817,0.32506708448148947,-0.06634896051295353,-0.05046784629580349,-0.26686322045291444,-0.050906607576349856,0.4073140764754148,-0.01747425448135313,-0.23551435015818414,0.05037254579931369,0.21794633838080918,-0.1696285257572898,-1.658833335,1.6680640099059418,-0.5162405066667035,0.37216649051627576,0.12976733866916831,0.5094363807628491,-0.6499105222902868,-0.12112497966312542,0.7861098459084535,0.7095207748467502
3.576902255639099,0.17842753219583155,-0.24369584115186496,0.33299741235873637,-0.06576468960225004,-0.04880831403598879,-0.2672103829358346,-0.05578360956510799,0.41160050369229123,-0.017970071393407044,-0.23722018358046298,0.048957096793067076,0.2205347061439359,-0.17507759308692747,-1.6727533350000003,1.678367897683639,-0.5119475115769405,0.36849590553205885,0.13183432677793253,0.5090914706159381,-0.6563197691135318,-0.1426605688648255,0.7828159472276189,0.7133835714492683
3.5852631578947376,0.1799639556665,-0.2515194891330032,0.34115877258909705,-0.06513063022363948,-0.04737265399442233,-0.2675346793765308,-0.060810259471337946,0.41594511138121865,-0.018548122600889554,-0.23906454731687743,0.04732310608771996,0.22311435995549914,-0.18065785161736833,-1.6843333350000003,1.688284398803224,-0.5077201818020138,0.36457532138276166,0.13367478906390987,0.5091023092655004,-0.6624400694147551,-0.16349097650077943,0.7792870105589809,0.7168489283618863
3.593624060150377,0.18167288296293038,-0.2596548472751551,0.34950885435741796,-0.06444870459915807,-0.04617888608502825,-0.2678452713197107,-0.06596167893978194,0.4203457612619846,-0.019191512816971044,-0.24101426053534541,0.04547987425074357,0.22567693560638713,-0.18635400169425734,-1.690193335,1.6978262149614,-0.5035697386262374,0.3604737682842655,0.13532149502264967,0.5094533285586034,-0.668228978856474,-0.1835135914507631,0.7755570254791957,0.719958782978502
3.601984962406016,0.18354703079005374,-0.26806157903178907,0.3580025101425747,-0.06372167728335912,-0.04524118548701838,-0.2681507601717044,-0.0712175214416719,0.42480341589228365,-0.01988005594502326,-0.2430311494743959,0.04343969838186169,0.22821444464160506,-0.19214786195263783,-1.694753335,1.7070043532706842,-0.49950684904895964,0.35627111159035146,0.13679954944981387,0.5101232338502069,-0.6736455656806969,-0.20263089258657893,0.7716633947343532,0.7227554022549889
3.6103458646616553,0.18557694385931012,-0.27669649849558325,0.3665923182027042,-0.0629530954722784,-0.04456977545999936,-0.2684589964424595,-0.07656037515278995,0.42931922634732617,-0.020591137547898708,-0.24507330520409584,0.04121772000765793,0.23071927483083107,-0.19801844906421828,-1.7070733349999998,1.7158281393055839,-0.4955415134356234,0.35205417349549756,0.1381259363553214,0.5110856416073026,-0.6786514715050811,-0.2207507934685957,0.7676465471014271,0.7252809221813771
3.6187067669172945,0.18775108979960234,-0.2855140225500516,0.3752291817830393,-0.06214721714826731,-0.044170875880656074,-0.26877690700054613,-0.08197390463012222,0.43389151449687063,-0.021300715917505566,-0.24709656184697454,0.03883173136222207,0.23318418068155672,-0.20394209670445715,-1.7182533349999998,1.7243052666382666,-0.4916829555864233,0.34791249037764405,0.13930958976175076,0.5123097939454568,-0.6832119132860178,-0.23778692759370573,0.7635495007197158,0.727576900845614
3.6270676691729333,0.19005598147327288,-0.29446665190632443,0.3838629562097882,-0.06130892834183828,-0.044046707203010085,-0.2691103435058608,-0.08744092722358988,0.4385129420170175,-0.0219844148773318,-0.2490561380713219,0.03630194284171905,0.23560226460334566,-0.20989261247551666,-1.7185933349999998,1.7324418787107991,-0.4879395177568058,0.34393393167507513,0.1403519549748679,0.5137613369978539,-0.6872966049524738,-0.25365887641368096,0.7594173810464983,0.7296838886519829
3.6354285714285726,0.192476325050994,-0.3035054745679895,0.3924430946205087,-0.06044365094613964,-0.04419554876730755,-0.26946395471856505,-0.0929416210684901,0.44316814258176307,-0.022618656169985558,-0.25090837522034604,0.033650714934367346,0.23796694946805905,-0.21584147099610465,-1.7184733349999999,1.7402426784659897,-0.48431856312276256,0.34020041152694924,0.14124797878594203,0.5154031491269546,-0.690880579183878,-0.268292342949834,0.7552968981885375,0.731641019008276
3.643789473684212,0.19499519187562694,-0.31258068501779207,0.40091930280823174,-0.05955724265087047,-0.04461184963198853,-0.2698410848669127,-0.0984520469974222,0.44783205584734714,-0.02318177651871196,-0.25261249874004504,0.030902258392746334,0.2402719434354027,-0.22175804087085346,-1.723713335,1.7477110608223754,-0.4808263880855857,0.33678391739011404,0.14198744608503033,0.5171962043251936,-0.6939448921519216,-0.2816192743464716,0.7512357889118131,0.7334856225245331
3.6521503759398506,0.19759421185032353,-0.3216421122683866,0.40924219352706603,-0.05865589066854041,-0.04528638938955466,-0.270243699701655,-0.10394313808705809,0.4524691448748518,-0.02365507437760343,-0.25413232602221736,0.028082306826738488,0.24251119802427504,-0.22760984278711338,-1.7279333350000003,1.7548492628347236,-0.4774681466572689,0.33374306096528883,0.14255656453268628,0.5191004557224911,-0.6964771967178292,-0.293577937127178,0.7472822291289858,0.7352528674758605
3.66051127819549,0.20025378582403677,-0.3306397498664912,0.4173639306228695,-0.05774600100555602,-0.0462064857604644,-0.2706723412820539,-0.10938027012906693,0.45703360696870593,-0.024023734040477557,-0.25543784366013467,0.025217766247634582,0.24467886050674073,-0.23336283556231938,-1.731493335,1.7616585262319464,-0.4742477889619988,0.33112032713966677,0.14293968896286094,0.5210757239298318,-0.6984721725155348,-0.3041129492416874,0.7434842231013344,0.7369754289758738
3.668872180451129,0.20295331422130364,-0.3395242809855209,0.42523885351328594,-0.05683408508266214,-0.047356245148607846,-0.2711261119400774,-0.11472347723706139,0.46147060707125553,-0.024277580069435967,-0.256506580545829,0.022336346382743618,0.2467692217818256,-0.23898172658622702,-1.7359333350000006,1.7681392669705145,-0.4711680156352869,0.32894015795855286,0.1431210734563595,0.5230825750011576,-0.6999318044944964,-0.31317527321605465,0.7398889759635185,0.7386831889891093
3.677233082706768,0.20567143897525972,-0.34824759188438004,0.4328240728443051,-0.05592664553320347,-0.04871685179569319,-0.2716026872672385,-0.11992832282636114,0.46571847905672203,-0.0244116227057909,-0.2573247101804291,0.01946617880188795,0.2487766609497281,-0.24443030277442115,-1.736553335,1.7742912464828848,-0.4682302496053541,0.3272079630218591,0.14308654157834744,0.5250831730879981,-0.7008655047774576,-0.320722174845908,0.7365422564805779,0.7404029689837297
3.685593984962407,0.2083862956753727,-0.3567632672464635,0.440080028590661,-0.05503006300334411,-0.050266890697203165,-0.272098357374969,-0.12494738141163295,0.46971175993844966,-0.02442636469119418,-0.25788782581688124,0.016635427050024607,0.2506955878527147,-0.2496717778769195,-1.7323333350000003,1.7801137394352546,-0.46543462640748184,0.3259100976582384,0.14282497382723605,0.5270420933866637,-0.7012900760399802,-0.32671715190446265,0.7334877571728508,0.7421582966934046
3.6939548872180463,0.21107577273578343,-0.3650270612385897,0.446971002437881,-0.05415048574607751,-0.051982699045504926,-0.2726080951063332,-0.12973223517117854,0.4733848513065707,-0.024327851301747694,-0.25820134523914207,0.013871894062450773,0.25252038487635786,-0.2546691517719412,-1.7300733350000002,1.785605693033981,-0.46278000381803697,0.3250147984710127,0.14232952529506973,0.528927081726905,-0.7012295179710388,-0.33112983727805095,0.7307664590926272,0.7439692081227108
3.7023157894736856,0.2137177743272804,-0.3729973385387779,0.45346557697576345,-0.053293723741278456,-0.053838740651044714,-0.27312564933580386,-0.13423584487331033,0.4766760466956972,-0.024127457843322483,-0.2582805175834262,0.011202632150148531,0.2542453493136037,-0.25938557722261396,-1.7325333350000005,1.7907658732307126,-0.4602639912083375,0.32447401515527147,0.14159850501479018,0.5307097481108063,-0.7007146816589914,-0.3339358807981121,0.7284160086038425,0.7458520855970042
3.710676691729325,0.2162904837960498,-0.3806354800675336,0.4595370350357424,-0.052465148988315405,-0.05580799756387258,-0.2736436609955476,-0.13841512085825303,0.47953162736863686,-0.02384142177269444,-0.25815002197273584,0.008653560783280102,0.255864637584342,-0.26378472948529447,-1.7349933350000006,1.7955929935669828,-0.4578829986174854,0.32422603055447613,0.14063587036612057,0.5323661826652528,-0.6997827798985413,-0.3351168138172653,0.726470113501381,0.747819532328566
3.7190375939849636,0.21877262431510544,-0.3879062487115819,0.4651636934056371,-0.05166960350736655,-0.057862372977238265,-0.2741537990211326,-0.1422334988533999,0.4819097150751,-0.023490139365167778,-0.2578431661067797,0.006249097272102602,0.25737221257489123,-0.2678311741330808,-1.7362933349999998,1.8000858228627858,-0.45563230513618974,0.3241987202351035,0.13945131396495036,0.5338774838015892,-0.6984767643688715,-0.3346599002868628,0.7249579657089383,0.7498802836488714
3.727398496240603,0.22114371357879284,-0.39477811094280363,0.4703291661408103,-0.0509113164524451,-0.05997309944354824,-0.27464691302559147,-0.145663319054759,0.48378357993089127,-0.02309725881266873,-0.2574007114925747,0.004011805248977361,0.2587617953155052,-0.2714907284968716,-1.7389133350000003,1.804243268482621,-0.4535061457890066,0.32431327053429626,0.13805994531302848,0.5352301898605016,-0.6968445833325769,-0.332557977743981,0.7239036976141877,0.7520391547448239
3.735759398496242,0.22338430945550036,-0.40122351089870495,0.47502255374568936,-0.05019383158545513,-0.06211114647010256,-0.27511319919590965,-0.1486878156575814,0.4851441341425168,-0.022688612204173432,-0.25686936984667336,0.0019620655959524777,0.26002682215031353,-0.27473081222794654,-1.7382933350000005,1.8080644324977364,-0.4514978157089275,0.3244881517403897,0.13648159375706706,0.5364166071348389,-0.694938335896683,-0.32880929121768854,0.7233258788384321,0.7542970244373083
3.744120300751881,0.22547624365670071,-0.40721909419366337,0.4792385556078126,-0.04951994618888438,-0.06424762168594124,-0.27554237566640083,-0.15130254729638404,0.4860013956424713,-0.02229103746973577,-0.2563000314815974,0.00011777414364343673,0.26116040847389027,-0.2775207826485526,-1.732893335,1.8115486386952164,-0.4495997900242578,0.324643131913875,0.13473978167332157,0.5374350288823027,-0.6928133409149427,-0.32341732262884687,0.7232370598972168,0.7566508542557518
3.75248120300752,0.2274028406591956,-0.41274587946154884,0.48297750421115326,-0.04889166230776928,-0.06635415997874124,-0.27592386346367603,-0.1535161350429222,0.48638477602009367,-0.021931147604246304,-0.25574580038527767,-0.0015059299063396043,0.2621553200129817,-0.27983225077759727,-1.726253335,1.8146954290527861,-0.4478038575312911,0.3247031173579746,0.13286043605166475,0.538289841736468,-0.6905271402564107,-0.31639061779622757,0.7236433687915903,0.759093741794632
3.7608421052631593,0.22914911932900459,-0.41778937637890984,0.4862453208190607,-0.04831015101233395,-0.06840329528771419,-0.276246969040986,-0.15535022116510055,0.4863421293757988,-0.021634107981784365,-0.2552599214777748,-0.0028969013058737798,0.263003952522099,-0.2816393741936437,-1.7228533350000004,1.8175045289919156,-0.4461012659149302,0.32460161778836466,0.1308704217823992,0.5389915177701516,-0.6881384573889617,-0.3077426126862071,0.7245441660808835,0.7616150070888575
3.769203007518798,0.23070197493639719,-0.4223396496724114,0.4890533934820777,-0.04777573016436574,-0.07036881009941057,-0.27650106442691336,-0.15683861548018202,0.48593758693102207,-0.02142248310930815,-0.25489369257348854,-0.004046188767984188,0.26369832063914356,-0.28291912322262663,-1.7245133350000004,1.8199757814297972,-0.4444828760099879,0.3242836570995581,0.12879599016521268,0.5395564923308362,-0.6857061330067226,-0.29749146006545296,0.7259317634318073,0.7642003105162172
3.7775639097744373,0.23205033951843188,-0.4263913293633249,0.4914183793745399,-0.047287855956226275,-0.07222605812174074,-0.27667576110428616,-0.15802565304240737,0.48524828996004554,-0.021315211674023147,-0.2546944564369546,-0.004948195096266961,0.26423005651360787,-0.28365151730800897,-1.725133335,1.8221090503616357,-0.44293932237442063,0.32370798297675474,0.12666124095222617,0.5400069296245877,-0.6832880597553352,-0.2856598572473524,0.7277912100210778,0.7668318005279139
3.7859248120300766,0.23318531883407992,-0.42994356823453933,0.4933619345788998,-0.046845128274753456,-0.07395225609993321,-0.2767610739076721,-0.15896384304996838,0.4843602144400938,-0.021326763283636082,-0.25470376672934,-0.005600795406424661,0.2645904186769429,-0.2838198288308305,-1.7240333350000003,1.8239040954069623,-0.44146117727730694,0.3228484686520449,0.12448669539281584,0.540370379843891,-0.6809401379759151,-0.2722748751744563,0.7301001504959652,0.7694882893235938
3.794285714285716,0.2341003044633855,-0.43299994821108967,0.49491037550138367,-0.04644530972654893,-0.0755267412783154,-0.27674757147812246,-0.15971094024833346,0.48336334877970816,-0.02146652210005924,-0.25495581553901936,-0.006005411964144572,0.26477031147428,-0.283410752090115,-1.7252933350000002,1.8253604194360706,-0.4400391150929546,0.3216946456467878,0.12228807135868516,0.5406793333879527,-0.6787152738041979,-0.2573677886612176,0.7328287574762554,0.7721454544259342
3.802646616541355,0.23479105992180427,-0.43556833801347183,0.49609427710092413,-0.04608535794959312,-0.07693119159477728,-0.2766265101366284,-0.16032661308448268,0.48234653602634137,-0.02173843197947527,-0.25547619972631586,-0.006167044731972392,0.26476031522082055,-0.2824145356238195,-1.7275533350000003,1.8264770920440678,-0.43866407404099306,0.3202513548899885,0.12007534008213969,0.5409706793843495,-0.6766624399415373,-0.24097390724323287,0.7359397408197104,0.774776063972227
3.811007518796994,0.23525577998942793,-0.43766070506457544,0.4969480140304166,-0.04576147063202304,-0.07814980631109264,-0.2763899484262202,-0.16086891435429582,0.4813923202947954,-0.022140925231635116,-0.2562810888577639,-0.006094257293145237,0.2645507270869058,-0.28082507654004013,-1.7248933350000004,1.8272525522498706,-0.43732741222230564,0.3185375525195448,0.11785212800032646,0.5412850772630097,-0.6748258179836575,-0.22313240574939652,0.7393884350793912,0.7773502234266699
3.819368421052633,0.2354951227877688,-0.4392928851973401,0.4975092516115982,-0.04546914246534957,-0.07916944542206182,-0.27603084001863976,-0.16139077780909064,0.48057214157866845,-0.022667143276374212,-0.25737683963169367,-0.005799118394868808,0.2641316125551367,-0.2786399760304447,-1.719753335,1.8276843943556849,-0.43602105497259186,0.3165843533157546,0.11561550756035358,0.5416662515339461,-0.6732440393841571,-0.20388615343900474,0.7431229657637362,0.7798356413271357
3.8277293233082723,0.23551221446970708,-0.44048431421357453,0.4978183942801113,-0.04520323307929792,-0.07997972683961109,-0.27554310317575936,-0.1619367668321467,0.47994220311163316,-0.023305442957639776,-0.25876008116074567,-0.005297099919709269,0.26349286713304704,-0.27586055574566637,-1.7212933350000001,1.827769141399808,-0.43473763068833104,0.3144324365736857,0.11335619868757658,0.5421602211577026,-0.6719495399828556,-0.18328154033272553,0.7470844941779472,0.7821979116137523
3.836090225563911,0.23531262671675207,-0.4412577257782196,0.49791799973511514,-0.044958044841515686,-0.08057308100437037,-0.2749216654881007,-0.1625402885959414,0.47954029230400225,-0.02404016777104886,-0.26041827318737215,-0.004606932644253896,0.26262428784783465,-0.27249183521847153,-1.7264133350000004,1.8275020110635318,-0.4334705924718322,0.3121289740473179,0.11105917916205425,0.5428144759535427,-0.6709680405909461,-0.1613682992188321,0.7512075397871509,0.7844008100430832
3.8444511278195503,0.23490432755774426,-0.4416388204922757,0.49785216749949834,-0.04472740926003201,-0.0809447632267713,-0.274162483171896,-0.16322145986473569,0.4793837729415618,-0.024852649477668527,-0.2623307162887982,-0.003750421671936695,0.2615156538975952,-0.26854247101782147,-1.7292333350000002,1.8268766792440143,-0.4322143231895419,0.30972426553127846,0.10870467865905173,0.5436771133492823,-0.6703181634478973,-0.1381993217370535,0.7554203782071897,0.786406602170305
3.8528120300751896,0.23429760633054816,-0.4416559112674815,0.49766591093562274,-0.04450478060168216,-0.08109282469251726,-0.27326253478050366,-0.1639857706205418,0.4794688872174539,-0.02572239319928349,-0.2644699704697457,-0.002752223925261034,0.2601568156883858,-0.26402465879858805,-1.7300533349999998,1.8258850467729173,-0.43096422183634203,0.30726828330303274,0.10626950895687645,0.5447959494256983,-0.6700111915059165,-0.11383046693312808,0.7596455121070006,0.7881763603815571
3.8611729323308284,0.2335049738994452,-0.4413395503237379,0.49740452196293994,-0.04428333523752197,-0.08101804367391978,-0.27221978976373756,-0.16482364164689556,0.4797714168483253,-0.026628388748015906,-0.266803617353271,-0.0016395905454141438,0.2585377913501956,-0.2589539998711107,-1.7315733350000002,1.8245170149400924,-0.42971676944262216,0.3048073311984813,0.10372866299699927,0.5462176186383233,-0.6700509745166353,-0.08832036073736294,0.7638002115065112,0.7896702874784459
3.8695338345864676,0.23254103951241217,-0.4407221432446513,0.49711293778521887,-0.044056075147962816,-0.08072381906014718,-0.2710331528777729,-0.1657109154766626,0.48024865933246613,-0.02755048317803038,-0.26929628253516613,-0.00044207746882947836,0.2566488696993195,-0.253349334345813,-1.7343133350000004,1.8227602755687982,-0.4284695731439226,0.3023810172992547,0.10105709916258471,0.5479866768041829,-0.6704339828536249,-0.0617301849484128,0.7677971191847524,0.7908480443552331
3.877894736842107,0.23142236593122054,-0.4398375555571615,0.4968351188561095,-0.04381593396700651,-0.0802160288476259,-0.26970238599692803,-0.1666102605226126,0.4808425849694766,-0.02847074478721939,-0.27191181954905763,0.00080877217437386,0.2544807185014085,-0.2472325433050762,-1.736893335,1.8206001213811376,-0.4272213874475264,0.30001972143681643,0.09823161520055543,0.5501447219182367,-0.6711495069662361,-0.03412345449570411,0.7715449161831318,0.7916690793651102
3.8862556390977456,0.2301673046906279,-0.4387207172491113,0.4966134470940842,-0.043555883917195115,-0.0795028567091941,-0.2682280093953394,-0.16747340977445052,0.48148395902919805,-0.029374747333766875,-0.2746155461412061,0.0020797698702806136,0.25202449679012784,-0.2406283228123792,-1.7399733350000004,1.8180192822884793,-0.425972112168474,0.297742710915905,0.09523270929633217,0.552729547114969,-0.6721799973874599,-0.00556578200572071,0.7749490417067461,0.7920929570436105
3.894616541353385,0.2287958135386107,-0.4374072305061294,0.496488153005301,-0.043269041984960004,-0.07859459018053923,-0.2666111850405338,-0.1682441020838777,0.4820971472391423,-0.030252705205319343,-0.2773764178341791,0.0033364434988188,0.24927196991224268,-0.23356393288290642,-1.745033335,1.8149977930415653,-0.42472276696047107,0.2955570215085401,0.09204632430349274,0.5557743396192922,-0.6735015373715387,0.02387537099741946,0.7779124611000061,0.7920796839430889
3.902977443609024,0.22732925827577155,-0.43593298573993106,0.49649677989152097,-0.042948773709799756,-0.07750339435934743,-0.2648535848621995,-0.16886154932947486,0.48260527629684025,-0.031100395664546924,-0.2801690235018657,0.004543414624690641,0.24621562590224239,-0.22606892480661336,-1.747673335,1.8115128973804784,-0.4234754428261038,0.29345717780297276,0.08866537513558738,0.559306938845585,-0.6750844375734684,0.054130956575324955,0.7803364750088693,0.7915900294305817
3.9113383458646633,0.22579020134738503,-0.4343337906988211,0.49667369271772704,-0.04258879300958078,-0.07624306530191087,-0.26295724731913195,-0.1692642196111449,0.4829353977399621,-0.03191981290844409,-0.28297529306805275,0.005664786692165777,0.24284879173926396,-0.21817485043111423,-1.745813335,1.8075389934384467,-0.4222332314465183,0.29142577969308003,0.08509096866212591,0.5633491659154684,-0.6768939397556771,0.08513061647180382,0.7821215623471082,0.7905858394106232
3.9196992481203026,0.2242021796451006,-0.4326450171036163,0.49704963850021594,-0.042183256537295634,-0.0748287675202384,-0.26092442587770254,-0.16939370722141145,0.48302330490437256,-0.032719510177216936,-0.28578581839210465,0.006664539419470587,0.23916574800683146,-0.20991495717545008,-1.7453533350000003,1.8030476246799192,-0.42100013361411265,0.2894349326765708,0.08133323965923553,0.5679162357880718,-0.6788910143651867,0.11680297133407903,0.7831682492640452,0.7890303410530065
3.9280601503759414,0.22258947404665097,-0.4309012688451605,0.49765136426198453,-0.041726851160517005,-0.07327676012773747,-0.25875743322994144,-0.16919845568416092,0.48281767877380105,-0.033514600046283725,-0.2886007045608856,0.007506924654189148,0.235161840462311,-0.2013238726553788,-1.7484933349999998,1.798007520097981,-0.41978094847388203,0.2874484513075263,0.07741174474234339,0.5730162619481285,-0.6810332350094134,0.14907592213439874,0.7833779959710037,0.7868884367313805
3.9364210526315806,0.22097687326101856,-0.4291360753207062,0.49850129770105467,-0.04121487327188999,-0.07160411625217737,-0.25645848521365433,-0.1686371108250715,0.48228328740741144,-0.034326398723555404,-0.2914298895452512,0.008156858976893534,0.2308335870282787,-0.19243728285565095,-1.7526333349999998,1.7923846867657847,-0.41858114567124066,0.2854247201954019,0.07335537783603467,0.578649862196926,-0.6832757114054315,0.18187696242368154,0.7826540930274144,0.7841269855103155
3.94478195488722,0.21938943455382762,-0.42738161298399935,0.4996172947430685,-0.040643298775329614,-0.06982844033101206,-0.25402954844769915,-0.1676813058008466,0.4814030318153796,-0.035181716949796514,-0.29429289464026853,0.008580308424945055,0.22617877874226383,-0.18329160778497702,-1.7526533350000002,1.7861425571392047,-0.41740672285838015,0.2833200577628625,0.06920179453293122,0.5848098725607851,-0.6855720613133222,0.21513349960763736,0.7809025585182374,0.7807150706544814
3.9531428571428586,0.21785224390412236,-0.425668457646847,0.5010124571172246,-0.04000884274586858,-0.0679675878274907,-0.2514721956611308,-0.16631771746633578,0.48017871373964166,-0.03611181719440203,-0.2972179952221517,0.008744660850110813,0.22119657324437894,-0.17392367849602183,-1.752213335,1.7792421927522972,-0.416264051320145,0.2810923966775414,0.06499635746773214,0.591481174695183,-0.6878754013083119,0.24877318300823745,0.7780330274742987,0.7766242517723423
3.961503759398498,0.21639017809041425,-0.42402536950757247,0.5026950220204218,-0.03930900792881324,-0.06603939175872309,-0.24878747257556483,-0.16454928077322237,0.47863049185049467,-0.037151073455199475,-0.30024082989207007,0.00861908161965073,0.2158875794437662,-0.16437041924752022,-1.7528933349999998,1.7716425451433764,-0.4151597127375309,0.27870507316291787,0.060790639344217905,0.5986406404451535,-0.6901393360094422,0.2827242360701929,0.7739596248975166,0.7718288003468643
3.969864661654137,0.21502767112256238,-0.4224791123036757,0.5046683248349059,-0.03854212142328943,-0.06406140021247379,-0.24597577999772594,-0.1623955018070895,0.4767950858413957,-0.03833538531956167,-0.3034024947016713,0.008174848617521322,0.21025393208392168,-0.1546685384309597,-1.7506133349999997,1.763300774008207,-0.4141003303067267,0.27613050648452014,0.05664054327505519,0.6062571954506923,-0.6923189255664759,0.31691578970361056,0.7686018138539913,0.7663059175458524
3.978225563909776,0.2137884873286469,-0.42105430740190375,0.5069308347566954,-0.037707359083501854,-0.0620506287524462,-0.2430367744973097,-0.15989186691066218,0.47472287610634645,-0.03970041128070531,-0.3067471964870041,0.007385662796361686,0.20429935502294605,-0.14485423168339048,-1.7520133349999998,1.7541726217094313,-0.41309239756972604,0.2733535504597424,0.05260412047385199,0.6142920018867186,-0.6943716118049992,0.35127821343001286,0.7618852102887865,0.7600359333434853
3.986586466165415,0.21269550327474718,-0.4197733230584374,0.5094762620925574,-0.03680475736508331,-0.06002333127761403,-0.23996929068919257,-0.15708840128952212,0.4724741237726752,-0.04127969696333811,-0.31031956401717786,0.006227930867490245,0.19802921215652117,-0.1349629003645668,-1.753413335,1.7442128423897363,-0.4121421083857286,0.2703743109261617,0.04873918205416187,0.62269875862821,-0.696258084427094,0.3857434407284409,0.7537423564951261,0.7530024861213067
3.9949473684210544,0.21177050054295488,-0.41865619851447156,0.5122937349090778,-0.03583521254069153,-0.05799479251604676,-0.23677128771537342,-0.15404748184716344,0.47011459629592,-0.04310278134499153,-0.31416173641957806,0.004681017090268965,0.19145054503765563,-0.1250288882951552,-1.749653335,1.733375683052705,-0.4112551914788965,0.2672102462076313,0.045100813899564704,0.6314241153597875,-0.6979430700383225,0.42024528476951384,0.7441134455348989,0.7451926820504694
4.003308270676693,0.21103397122172837,-0.41772060204715794,0.5153680416847571,-0.034800467405420046,-0.055979144904655935,-0.23343982203891028,-0.1508410524120662,0.4677109232672782,-0.045193367851358475,-0.3183103640541649,0.0027274615285210937,0.184572096386514,-0.11508523933798105,-1.749193335,1.7216154131022434,-0.41043675293690557,0.26389740065941464,0.04173891065183699,0.6404081954321349,-0.6993960284903051,0.4547197405849687,0.7329469893530964,0.736597233686572
4.011669172932333,0.21050493777569837,-0.4169818215812966,0.5186799356406299,-0.03370308578554858,-0.05398921214097712,-0.22997104812882968,-0.14754742225739653,0.46532602272336115,-0.047567647104571814,-0.32279366676440563,0.0003531625745222537,0.17740431883431465,-0.10516347806146463,-1.748713335,1.708886897981388,-0.40969112990685175,0.26049066276454597,0.03869584644954407,0.6495852206310668,-0.7005917430542143,0.4891052696540869,0.7202004238514566,0.7272105773333443
4.020030075187972,0.21020078876223722,-0.41645278599121544,0.5222064955213584,-0.0325464153506677,-0.052036381199586645,-0.22636024804190527,-0.1442478489057743,0.46301492899623353,-0.0502328540363176,-0.32762869758032737,-0.0024524780055092633,0.1699593684055838,-0.09529341535907371,-1.7454533349999999,1.6951462117365594,-0.4090217585424609,0.25706298697687857,0.03600439603230577,0.6588842294933827,-0.7015107932302802,0.5233430629006962,0.705840644780683,0.717030968851207
4.02839097744361,0.21013713165253545,-0.41614411479216074,0.525921536780549,-0.031334539406389285,-0.050130504092474014,-0.22260189030551314,-0.14102311258883898,0.46082131972222434,-0.05318613414761179,-0.33281895613659357,-0.005696448782604157,0.16225108241108827,-0.08550298051657002,-1.746813335,1.6803512825659583,-0.40843105900255017,0.2537035702190882,0.03368601037115968,0.6682298793996871,-0.7021399015030181,0.5573772781879508,0.6898444689698565,0.7060605577009696
4.03675187969925,0.210327663798648,-0.4160641935425307,0.5297960664033199,-0.030072218509987026,-0.04827983012828894,-0.21868971788732036,-0.13795028228597075,0.4587749845250137,-0.05641378218730371,-0.3383524852650194,-0.009382061934876207,0.15429494159753873,-0.07581808082597517,-1.7482733350000002,1.6644625647023796,-0.4079203399898424,0.25051502709474716,0.03174953651724059,0.6775433214189535,-0.7024721480183386,0.5911552485739121,0.6721990161290601,0.694305439121401
4.045112781954889,0.21078406236798616,-0.4162192719577573,0.533798773986487,-0.0287648229018889,-0.04649096889857104,-0.21461686441456077,-0.1350998528432406,0.45689040517067986,-0.05989090188338771,-0.34420056672927096,-0.013508926399557284,0.14610801657759392,-0.06626248944749065,-1.7463533350000002,1.6474437293422248,-0.40748972495726044,0.24760965982978497,0.03019045254126372,0.6867431357911654,-0.7025070499309417,0.6246276578486781,0.6529020072291283,0.6817756844419808
4.053473684210529,0.2115158938459922,-0.41661358147787714,0.5378965512009778,-0.02741825687970794,-0.044768883698476813,-0.2103759971904953,-0.13253340099606092,0.4551665320208081,-0.06358151819626658,-0.3503171085196387,-0.018072960756252882,0.13770889874266845,-0.05685776182399213,-1.7414933350000001,1.6292623667740476,-0.4071381017024619,0.2451049671370647,0.028990666130996157,0.6957463150287525,-0.7022505049906171,0.6577486802112742,0.6319619762726133,0.668485349628837
4.061834586466167,0.21253054348906417,-0.41724946883701974,0.5420550313892636,-0.026038876356462428,-0.04311691458356833,-0.20595948496063296,-0.13030186765472965,0.4535877506513343,-0.06743915459675241,-0.35663878745325917,-0.023066445225648876,0.12911761603941518,-0.04762318056296541,-1.7354133349999998,1.6098906913908775,-0.40686309662828213,0.24311857819250537,0.028118900650346376,0.7044692809076719,-0.7017146017457617,0.6904760813579938,0.6093983931138252,0.6544524622527828
4.070195488721806,0.21383316489586252,-0.4181275420562238,0.546239140807793,-0.02463340093913191,-0.04153682978098845,-0.20135958781838176,-0.12844452758756592,0.452125942278624,-0.07140786792214111,-0.3630859782339041,-0.028478111718474093,0.12035553416636155,-0.03857572832341148,-1.7367933349999998,1.5893062408989875,-0.4066610744753514,0.24176283161146614,0.0275316663806824,0.7128289211148379,-0.7009173014836775,0.7227712787380207,0.5852416958541193,0.6396989871537045
4.078556390977445,0.21542664965842126,-0.4192468252220513,0.5504136529136777,-0.023208821936378195,-0.04002890372042145,-0.1965686661204163,-0.12698865901485953,0.4507434588235097,-0.07542371330618457,-0.3695644650368744,-0.03429327044079115,0.11144524391790675,-0.02973008788557838,-1.7402933349999998,1.567492560768756,-0.40652716384247156,0.24113924300728554,0.02717478845825674,0.7207436310269024,-0.69988199964387,0.7545993592801226,0.5595332322221257,0.6242507711556139
4.086917293233085,0.21731161685724798,-0.4206049184221079,0.5545437371172428,-0.021772307754146077,-0.03859201953462868,-0.19157940481681698,-0.12594987806566832,0.4493967642083291,-0.07941659240587476,-0.37596789567489586,-0.04049397115855925,0.1024104355666716,-0.021098668244245698,-1.7367933349999998,1.544439864816549,-0.4064553083098289,0.24133311716768163,0.026985437887431216,0.7281343460196511,-0.6986369768793714,0.785929053497705,0.5323251102378798,0.6081374672618073
4.095278195488723,0.21948642197885704,-0.4221981592833615,0.5585954935764652,-0.020331108164323194,-0.03722379350737032,-0.18638504919959123,-0.12533305985396984,0.44804044300604345,-0.08331242052965894,-0.3821809031297584,-0.04705919685139788,0.09327576133003594,-0.012691655256117219,-1.734113335,1.5201456627645178,-0.4064383424794765,0.24240856140571354,0.026894589088870737,0.7349255498476965,-0.6972147521527777,0.8167326655290393,0.503679959345253,0.5913924388302012
4.103639097744363,0.22194718466167732,-0.42402178269749585,0.5625364658926986,-0.01889245893443739,-0.03592071862368591,-0.18097964774397193,-0.12513373202260694,0.44663124967094053,-0.08703553311573879,-0.3880827863674568,-0.0539650871465741,0.08406668711071824,-0.004517085092579868,-1.7337733350000004,1.494615345700788,-0.4064680917565043,0.24440414510708122,0.026829807768746956,0.7410462449876525,-0.6956513521939195,0.8469859593543193,0.4736706040692321,0.5740526442954852
4.112000000000002,0.22468783451847696,-0.42607007551584064,0.5663361239743624,-0.017463488285628513,-0.034678324108454235,-0.17535829746699613,-0.12533980032001935,0.4451318684596588,-0.0905112400236714,-0.39355161348434775,-0.061185188622919544,0.07480933483268365,0.0034190614959857465,-1.7319333350000001,1.4678627205571748,-0.4065354942225249,0.24732942735552046,0.026718257349206628,0.7464308713982555,-0.6939855132764233,0.8766680021397968,0.44237965310409744,0.5561585030677251
4.120360902255641,0.2277001741415304,-0.42833652325004073,0.5699663098595076,-0.016051126602351085,-0.03349134762758167,-0.16951738706290248,-0.12593345071191614,0.44351407616911476,-0.0936684278632534,-0.3984685868004482,-0.06869072881357574,0.06553031681089494,0.011112746306259339,-1.7325333350000003,1.4399104850352147,-0.4066307425098383,0.2511625407734099,0.026489801469544372,0.7510201609085877,-0.6922578325590245,0.9057609663791768,0.40989900755635417,0.5377537432969495
4.12872180451128,0.2309739582715853,-0.4308139461180567,0.5734016399206222,-0.014662020751304006,-0.032353916674789214,-0.16345483299882882,-0.12689306944133313,0.4417610454936292,-0.09644210650744921,-0.4027224927432432,-0.07645091051849211,0.05625656369499643,0.01856174456933205,-1.7326933349999998,1.41079063484231,-0.40674344317867167,0.25584897686496655,0.026080074618030774,0.754761915388297,-0.6905098871597878,0.9342498932208881,0.3763292928436692,0.5188852322505558
4.137082706766919,0.23449698800385824,-0.4334946221219877,0.5766198576053432,-0.013302454280149164,-0.031259735577460646,-0.15717030376945443,-0.128195031207499,0.43986859290208646,-0.09877579625658822,-0.40621405018608897,-0.08443322286419278,0.04701514761168048,0.025765502098761082,-1.728573335,1.3805447956450192,-0.40686279073931114,0.26130166811903893,0.025433393012954542,0.7576116979664527,-0.68878333967045,0.9621224200735107,0.3417792194798158,0.49960279010549646
4.145443609022559,0.23825521881407724,-0.4363703952275718,0.5796021316830646,-0.011978274660202995,-0.030202274528018862,-0.15066542761616034,-0.12981522525062908,0.4378452566918291,-0.10062365688241028,-0.4088599699191331,-0.09260376542060307,0.03783310219716267,0.032724981285874456,-1.7237533349999998,1.3492244728012404,-0.40697775315300494,0.26740240717327407,0.024505383398346774,0.7595334278308762,-0.6871190489650891,0.9893684762573417,0.3063648786480494,0.47995898801063175
4.153804511278198,0.24223288111500937,-0.4394327671274518,0.5823332958566474,-0.010694828613292432,-0.029174957082410094,-0.1439439792137976,-0.1317302178485873,0.4357111823296285,-0.10195226882981978,-0.41059654536689877,-0.10092758160319618,0.02873724125903419,0.03944249857455474,-1.728113335,1.316891212691161,-0.40707726539647365,0.27400458593992205,0.023265218193096036,0.7604998705376677,-0.6855562049114715,1.015979951104633,0.27020897907438846,0.46000893132668075
4.162165413533836,0.24641261199870107,-0.4426729715034065,0.5848020265463848,-0.009456906423454321,-0.02817134266306667,-0.13701204111330997,-0.1339179851635645,0.43349588661292615,-0.10274198984741459,-0.4113826103660867,-0.10936899755329774,0.01975397783514233,0.04592155605248001,-1.7337933349999999,1.283616670320716,-0.4071504274898587,0.2809371803294676,0.021697360942834643,0.7604930172695991,-0.6841315049621921,1.041950339491813,0.23344003225164017,0.43981002900222566
4.170526315789475,0.2507755967813107,-0.44608203014843245,0.5870009566449953,-0.008268695981455364,-0.027185300757767403,-0.129878136096644,-0.13635818968696675,0.4312350625628773,-0.10298782673372033,-0.41120172323217546,-0.11789196269940384,0.010909145425664112,0.052166669760783754,-1.7368133350000003,1.249482578812094,-0.4071867032708903,0.2880098516492378,0.019802745581498082,0.7595043480788644,-0.6828783896014077,1.0672743703019067,0.196191493529154,0.4194217500944417
4.178887218045115,0.25530171894519427,-0.44965079075937053,0.5889267240621006,-0.007133747146741065,-0.026211173714755186,-0.12255332704537271,-0.13903201365066467,0.42896666650367105,-0.10269978104793212,-0.41006346655683673,-0.12646038825660288,0.0022278231630383596,0.058183197251070656,-1.744873335,1.214580617413371,-0.40717611615158666,0.2950189863328178,0.017599335755261285,0.7575349758100072,-0.6818263522745092,1.0919476237532701,0.15860086696752076,0.3989053684928197
4.187248120300754,0.25996971706588673,-0.4533699466562946,0.5905799549083739,-0.006054946840064282,-0.025243925294062188,-0.11505128143855159,-0.141921600630981,0.4267265914179831,-0.10190264873879967,-0.40800378793987524,-0.1350384800178985,-0.006265833347034971,0.06397716681002273,-1.7501333350000001,1.1790121757424037,-0.40710943811915984,0.3017544535595005,0.015122035409619403,0.7545956690975227,-0.6810003377624859,1.1159661438815336,0.1208087821580198,0.378323696953193
4.195609022556393,0.26475734731869466,-0.45723003911778926,0.5919651821972103,-0.00503450510348428,-0.02427927244019067,-0.10738829816946094,-0.14500918931913648,0.4245442714907164,-0.10063527579852118,-0.40508434663944853,-0.143591061928179,-0.014548753831405227,0.06955511063028062,-1.7495333350000002,1.142888013116432,-0.40697836833987716,0.3080068273948049,0.012421947922487145,0.7507067545440943,-0.6804202410163952,1.1393260527165765,0.08295805142065658,0.357740811597863
4.203969924812032,0.26964155017954355,-0.4612214434335746,0.5930907019494034,-0.004073952185518193,-0.023313798086349622,-0.09958329499484779,-0.1482760486490135,0.42243857839101995,-0.0989492943032221,-0.40139087318054556,-0.15208388710609058,-0.022599106190144852,0.07492390403518885,-1.7573733349999998,1.1063278129953629,-0.40677569789190143,0.3135747977437177,0.009565007179786152,0.7458978998840736,-0.6801005162823215,1.1620231728480634,0.04519271592034204,0.3372217680854451
4.212330827067671,0.2745986199661424,-0.46533434016009034,0.593968369558324,-0.0031741465308420557,-0.022345043178994457,-0.09165775559284699,-0.15170133934407878,0.42041435871877175,-0.09690738460024918,-0.3970305914182682,-0.160483933188092,-0.030396438848632527,0.08009061266802811,-1.7712533350000002,1.0694596337696187,-0.4064954573877159,0.3182724835958324,0.006630029046406529,0.7402077815974587,-0.6800499039702618,1.1840526651159815,0.00765708927719445,0.3168323107010139
4.220691729323311,0.2796043759070118,-0.46955867341362356,0.5946133401945183,-0.0023352933789225973,-0.021371576516602955,-0.08363563589495886,-0.15526103238502298,0.41845992450656644,-0.0945811290193678,-0.39212879348610685,-0.16875967910907888,-0.03792181120340875,0.08506234933754314,-1.7742733350000002,1.0324192583384966,-0.40613304454445126,0.3219363631761405,0.003706254656330569,0.7336836420378064,-0.6802712802020446,1.2054086880927204,-0.029505192805706956,0.29663857566293217
4.229052631578949,0.2846343334759918,-0.4738840983430048,0.5950437578853944,-0.0015569735070917472,-0.020393041421206955,-0.07554323006076037,-0.15892700962624234,0.41654574699537034,-0.09204853946723747,-0.38682469558920485,-0.17688136070148652,-0.045157910866111366,0.08984614197516509,-1.7695733349999998,0.9953494461375075,-0.40568532911584104,0.32443154858799167,0.0008904769057375601,0.7263807426499247,-0.6807616313668756,1.226084085838631,-0.06615210851446471,0.27670678998701514
4.237413533834589,0.28966387478700645,-0.4782999201842464,0.5952803986846906,-0.0008381814935114056,-0.019410178697698725,-0.06740899716859393,-0.1626664563366319,0.41462452214618634,-0.08939135487052628,-0.3812667349789787,-0.1848212027857853,-0.052089156546485105,0.09444881390977203,-1.770273335,0.9583990924683591,-0.405150733006072,0.32565715672120965,-0.0017161423032156105,0.7183617212579922,-0.6815121533732093,1.2460701101135037,-0.1021441633403024,0.2571029672909362
4.245774436090228,0.2946684169066456,-0.48279502750805825,0.5953462740359898,-0.00017737272672269612,-0.01842482577672001,-0.05926335038840678,-0.166441631110221,0.4126326800760171,-0.08669221406527097,-0.37560749413412914,-0.19255362573568735,-0.058701785565320276,0.09887687740766113,-1.7704533349999998,0.9217223011483059,-0.40452928383590986,0.32555056249515074,-0.004011444767617852,0.7096958626819045,-0.6825084726675696,1.2653561828139965,-0.1373452730926302,0.2378926019614683
4.254135338345867,0.29962357700909725,-0.48735782242422276,0.5952662010243429,0.00042748174666166686,-0.017439892374402292,-0.051138411071478033,-0.17021006735073155,0.41049330650701304,-0.08403181496234854,-0.36999845592990865,-0.20005542482699173,-0.06498392514949894,0.10313644116319157,-1.7611733349999998,0.885477377611905,-0.40382264071671986,0.3240903633890445,-0.005895712419247609,0.7004582930712195,-0.6837309835491917,1.2839297038856117,-0.17162360905087398,0.2191403631436687
4.2624962406015054,0.3045053333677733,-0.4919761506016104,0.5950663466913886,0.0009788335640012376,-0.016459313428862303,-0.0430677308236543,-0.17392522485823853,0.40812033974788664,-0.08148617141546474,-0.36458480251045605,-0.2073059210155508,-0.07092564683224922,0.10723313216380384,-1.754453335,0.8498257506535732,-0.4030340914992414,0.32129793380999544,-0.007275039404585967,0.6907291093164803,-0.6851552938965858,1.3017759093332224,-0.20485239825911578,0.2009097900437483
4.270857142857145,0.30929018124936103,-0.49663723399750614,0.5947737539552602,0.001479489708216455,-0.015487980481923336,-0.03508598521225886,-0.1775375727346474,0.4054238091857367,-0.07912407514453643,-0.3595004701940025,-0.21428708213311307,-0.07651900346027318,0.11117203209620749,-1.7576933350000001,0.8149308319800613,-0.4021685212915323,0.31723750203583834,-0.008064514916208175,0.6805924556939404,-0.6867527691880688,1.3188777832341883,-0.23691067249844353,0.1832629900654078
4.279218045112784,0.3139552828478599,-0.5013276091643217,0.5944158569218932,0.0019325407016230604,-0.014531653058155763,-0.027228643281237322,-0.18099604878621134,0.402315797864877,-0.07700486149267305,-0.3548636629692798,-0.22098361383558537,-0.0817580484935527,0.11495762821263875,-1.763613335,0.7809568236351452,-0.4012323525743802,0.31201473896104576,-0.008191099936826755,0.6701355605115268,-0.6884911626887461,1.3352160268523798,-0.2676839600648757,0.1662603413220867
4.287578947368424,0.31847861046743053,-0.5060330739161861,0.5940199934959091,0.0023412856073616413,-0.013596851945612144,-0.019531617504636466,-0.1842498086347735,0.3987167486783535,-0.07517656508417073,-0.3507730083480357,-0.2273830199825042,-0.08663883747123868,0.11859377834113667,-1.7615133349999998,0.7480674841524092,-0.40023345777250446,0.30577390432962187,-0.007596093584322978,0.6594477459439368,-0.6903353179322758,1.3507690870711773,-0.2970649151287635,0.1499602010840727
4.295939849624062,0.3228390822327272,-0.5107386449939373,0.5936129231957322,0.002709155155293507,-0.012690736597766683,-0.012030899186699332,-0.18725015233419778,0.3945616958579096,-0.07367453514921857,-0.3473045123078061,-0.23347563246529315,-0.09115941170592436,0.12208368950535951,-1.758473335,0.7164248649750575,-0.3991810456559497,0.2986936502676645,-0.006237101184834812,0.6486194244686534,-0.692247928182197,1.3655132454216126,-0.3249538801471168,0.1344186217289539
4.304300751879701,0.3270166896731313,-0.5154285291673293,0.5932203579497333,0.003039634329093861,-0.011820969149019662,-0.004762184610637724,-0.1899524993988599,0.389805993968478,-0.07252056108977303,-0.34450943596261857,-0.23925461083150354,-0.09531976445662096,0.12542990942076523,-1.7591733350000003,0.6861880292444298,-0.398085523438313,0.2909816315835342,-0.00408943584573613,0.6377410953410602,-0.6941903364434463,1.3794227679923357,-0.35125937753522996,0.1196890757656752
4.312661654135341,0.33099261659240325,-0.5200861099614442,0.5928665134005813,0.0033361857492826734,-0.01099556776232149,0.0022395025580108038,-0.19231827610911056,0.3844301366894657,-0.07172253760692532,-0.34241317694388373,-0.24471591236923038,-0.09912179001573168,0.12863432995779875,-1.7620333350000006,0.6575117654929032,-0.39695833689741966,0.28286811557222474,-0.0011469073327312691,0.626902354377395,-0.6961233588317026,1.3924701154863792,-0.37589852756987296,0.10582219149571015
4.32102255639098,0.33474934869739037,-0.5246939518949773,0.59257368787817,0.0036021751632576058,-0.010222752203463513,0.008940186997495748,-0.19431658233569815,0.3784433064323769,-0.07127467630844386,-0.3410151950330848,-0.2498582336170772,-0.10256921632513197,0.1316982015113637,-1.7665333349999999,0.6305453090751921,-0.39581179126095034,0.274598819337884,0.0025780244205416097,0.6161909299536341,-0.6980081137107818,1.4046262116518489,-0.39879739028435146,0.09286550085885373
4.329383458646619,0.33827077351835805,-0.5292338237766652,0.5923618757238011,0.0038408003085410544,-0.00951078465969891,0.015307309955427412,-0.19592551869985442,0.3718853704150058,-0.0711582481296678,-0.34028997632119107,-0.25468292454754,-0.10566752190905043,0.13462215709113237,-1.7686133350000004,0.6054310843292434,-0.39465885596627814,0.26642722869731544,0.007054729761994302,0.6056917575840451,-0.699806838983122,1.4158607672765526,-0.4198912299170155,0.08086320098521105
4.337744360902258,0.3415422702092385,-0.5336867422288695,0.5922484210677879,0.004055024350272709,-0.008867808888858898,0.021310084426119518,-0.19713307766085184,0.3648271344563995,-0.07134281910091432,-0.3401889851307053,-0.2591938769329434,-0.10842383807483706,0.1374062448504492,-1.7719333350000004,0.5823034804702415,-0.39351295671332687,0.25860666871900473,0.012235498623799695,0.5954861047253395,-0.7014836802643656,1.4261426559173627,-0.4391247012802313,0.06985593093849113
4.346105263157897,0.34455078886872353,-0.5380330362010922,0.5922477174889292,0.004247515009636962,-0.00830169079820292,0.026919831909356543,-0.19793753239996512,0.3573687762129307,-0.07178792191235608,-0.34064351017708944,-0.26339738864090073,-0.11084683748503361,0.1400499677034797,-1.7803733350000004,0.5612876740865363,-0.3923877584755834,0.2513824014883838,0.018057191161908192,0.5856507565738317,-0.7030054333812794,1.4354403365510293,-0.4564519582174434,0.05988056508821218
4.354466165413536,0.34728491907293935,-0.5422524328083689,0.5923709582284062,0.004420590397880618,-0.007819863510039124,0.03211029564954473,-0.19834729287643788,0.34963649747392656,-0.07244508821716163,-0.34156827292103353,-0.26730200581884833,-0.11294661034370918,0.14255232864107364,-1.789993335,0.5424985108242882,-0.3912969433127046,0.24498402180491138,0.02444338192861757,0.5762572725989216,-0.7043422256863929,1.4437223174013607,-0.47183668510280985,0.05097002448946073
4.362827067669175,0.34973494735780825,-0.5463241643878957,0.5926259408048604,0.004576172452595488,-0.007429179874756058,0.036857925610709955,-0.1983802364905872,0.34177755249925457,-0.07326015241428437,-0.34286563353503213,-0.2709183451130592,-0.11473452956521385,0.14491188034524666,-1.7960933350000003,0.526039458419655,-0.390253986934918,0.23961840666066198,0.031306912348469156,0.5673713224036893,-0.7054681220591837,1.4509576543347051,-0.4852520531023738,0.04315310757813365
4.371187969924814,0.35189290343461327,-0.5502270962199786,0.5930169289950323,0.004715748741003407,-0.007135775243327644,0.04114213088018706,-0.19806255852095375,0.3339539181789043,-0.074175727354623,-0.34443020486587583,-0.2742588982255787,-0.11622310640292971,0.1471267777194324,-1.801613335,0.5120016426666048,-0.38927193800249393,0.23546345035679073,0.03855275231758982,0.5590521082414079,-0.7063616431322135,1.457116476437389,-0.496680603649435,0.036454341406946034
4.379548872180454,0.3537525949663111,-0.5539398739146745,0.5935445742194921,0.004840343251292663,-0.006944943113474983,0.04494549570431823,-0.19742722203773788,0.3263349644960106,-0.07513374643611102,-0.34615366836207856,-0.2773378212420128,-0.11742583810806295,0.14919483199540823,-1.8095533350000004,0.5004629771998164,-0.38836320410221464,0.23266278515109337,0.046081061743098735,0.5513518801657589,-0.7070061852050744,1.4621705307099555,-0.5061140622818504,0.030893854552883893
4.387909774436093,0.3553096307754149,-0.5574410890315464,0.594205897420441,0.004950496639997316,-0.006861026020203057,0.048253955933955046,-0.19651211569251706,0.31908955387988835,-0.07607796512145047,-0.34792957889436155,-0.28017071126366794,-0.11835704926300174,0.15111356514630458,-1.8055933349999997,0.49148739713219275,-0.3875393482276636,0.23132164883832496,0.053790337095620866,0.5443155483740385,-0.7073903334479069,1.4660937372472136,-0.5135530866379625,0.02648727272031823
4.396270676691731,0.3565614323974577,-0.5607094610848447,0.5949943315533935,0.005046256243502548,-0.006887323756847022,0.051056933285808744,-0.19535804843019777,0.31237804053413437,-0.0769563180534764,-0.3496579480337608,-0.2827743729491587,-0.11903172848947878,0.15288026342619027,-1.7942933350000003,0.4851242056235059,-0.3868108994034013,0.23150401729080805,0.06158052671228854,0.5379803958390532,-0.7075080623037988,1.4688627458322177,-0.5190069530039467,0.0232456379459434
4.404631578947371,0.3575072339378302,-0.5637240336979313,0.5958998238519851,0.005127175997617936,-0.007026020692211732,0.05334742549655352,-0.1940067211444847,0.30634465255550275,-0.07772303548415917,-0.35124940751937217,-0.28516657761356046,-0.11946536226814779,0.15449202896784728,-1.7943133349999998,0.4814075413803136,-0.3861871808381344,0.23323107350568598,0.06935600164116003,0.532375892839486,-0.7073588194263799,1.4704574845664806,-0.5224931863424169,0.02117535218245773
4.41299248120301,0.35814807023482526,-0.5664643823162531,0.5969089960803444,0.005192326243456289,-0.007278133598610208,0.05512205114815624,-0.19249881570435717,0.30111071954330004,-0.0783404343092928,-0.35262877575415613,-0.2873658175480916,-0.1196737676228794,0.15594582849864838,-1.8007333350000005,0.4803559739087644,-0.3856761586736048,0.2364810369456698,0.0770282760799273,0.5275236135131967,-0.7069474919838757,1.470861690996228,-0.5240371392047565,0.02027814589807766
4.42135338345865,0.3584867533786395,-0.5689108305744108,0.5980053600751417,0.005240313233271471,-0.007643481030827209,0.056381048662775324,-0.19087233151010932,0.2967691575302831,-0.07878031407322426,-0.35373787920261135,-0.28939105821103767,-0.1196729254199866,0.15723853837680812,-1.805293335,0.48197223207371687,-0.38528431402008423,0.24119032972920673,0.0845183825994379,0.5234372530957396,-0.7062842566709802,1.4700634161813655,-0.5236715253332078,0.020551072179239276
4.429714285714288,0.35852783768544993,-0.5710446721460483,0.5991695850138226,0.005269307989094776,-0.008120674903866518,0.05712822969106026,-0.1891612794936221,0.2933805446506117,-0.07902490618875958,-0.3545375161483463,-0.29126149090231873,-0.11947881600984335,0.15836698530338517,-1.8014933349999998,0.4862430701733945,-0.3850165405431632,0.24725601123861218,0.09175882188661613,0.520122743089369,-0.7053843172422001,1.4680554922938505,-0.5214359140895383,0.021986526665151065
4.438075187969927,0.3582775732779682,-0.5728483946906814,0.6003798120399949,0.005277084012542616,-0.00870713451466253,0.057370887836064026,-0.18739481471911318,0.29097102010963316,-0.07906734450134384,-0.3550084907179867,-0.2929962884710993,-0.11910725889631368,0.15932798222580905,-1.791493335,0.4931392743333267,-0.38487606939799157,0.25453937153106504,0.09869502410549108,0.5175784602568935,-0.7042675357628201,1.4648359546267051,-0.5173761921021838,0.02457229347619731
4.446436090225566,0.3577438484794598,-0.5743059023537385,0.6016120111438878,0.005261063198510043,-0.009399122846778582,0.05711966435372694,-0.1855968535857464,0.28953212241013415,-0.07891164632755682,-0.3551516884816856,-0.2946143665197058,-0.11857375805865708,0.1601183591128822,-1.7839133350000005,0.5026158105720446,-0.38486442280513333,0.262870537909912,0.1052862784789092,0.5157955240697036,-0.7029579660163637,1.4604084093429572,-0.5115439987012634,0.028291617124776104
4.454796992481206,0.3569361212873413,-0.5754027331784592,0.6028403745463929,0.005218369170922816,-0.010191804594541892,0.05638837313789373,-0.1837861827058639,0.28902255820997924,-0.07857221428876793,-0.35498720925800076,-0.29613415245956026,-0.11789335447191776,0.16073498844563985,-1.7739533350000003,0.5146121144102254,-0.3849813970362203,0.2720539192454195,0.11150610858850796,0.5147581760782054,-0.7014832995634754,1.4547823388918166,-0.5039961418096365,0.033123300218279056
4.463157894736844,0.355865340255258,-0.5761262677534255,0.6040377402792726,0.005145887137412245,-0.011079324951045124,0.05519378792163534,-0.1819770267708942,0.2893717690100068,-0.07807288971494371,-0.35455261590498555,-0.29757336464771317,-0.11708048727626832,0.1611748054296835,-1.7629733350000003,0.5290525204013113,-0.3852250750375839,0.28187428994906494,0.11734209238711904,0.5144442336320648,-0.6998742367736768,1.4479733377613504,-0.49479400097826254,0.03904182658105065
4.471518796992484,0.354543855178939,-0.5764659254487892,0.6051760391999619,0.005040329253596244,-0.012054907829757754,0.053555395196649896,-0.18018000515925858,0.2904850474819643,-0.07744560722641892,-0.3539003978568229,-0.29894880368780313,-0.11614886493456378,0.16143482308930948,-1.7617533349999996,0.5458468284721463,-0.385591868376218,0.292103300432327,0.12279514721363288,0.5148256094712577,-0.6981637967105139,1.4400032721144638,-0.48400292419626995,0.046017509236829776
4.479879699248123,0.3529853180509529,-0.5764133446880537,0.6062267583336682,0.0048983043982383035,-0.013110971838575892,0.05149511685916663,-0.1784033745993988,0.2922498564607239,-0.07672871650909932,-0.3530947831130992,-0.3002761578189175,-0.11511134759186595,0.16151214254878707,-1.7682133349999998,0.5648910024938812,-0.38607658765506925,0.3025061936488723,0.12787832040842495,0.5158688879488372,-0.6963865810100045,1.430900357857342,-0.4716916249721682,0.05401666250703858
4.488240601503762,0.3512045748223595,-0.575962543859769,0.6071614132031035,0.004716391189276023,-0.014239262004030038,0.04903700702571719,-0.1766544304455775,0.2945429281527391,-0.07596505059316448,-0.3522080607010756,-0.30156982414193456,-0.11397984171248511,0.16140395893861187,-1.771033335,0.586067995073305,-0.3866725400239059,0.3128485078654254,0.13261514470295388,0.5175359480420143,-0.6945780078261542,1.4206991528037305,-0.45793158597517597,0.06300179729506528
4.496601503759401,0.34921754858465787,-0.5751100596928547,0.6079520216902751,0.004491213018629365,-0.015430994957555223,0.04620692781839921,-0.1749409240852195,0.2972376740907888,-0.07519982958449652,-0.35131659602979415,-0.3028427472475714,-0.11276520792084091,0.161107563481858,-1.7720333349999997,0.6092486911795006,-0.3873716519177183,0.3229025537954861,0.1370376337229279,0.5197846228664593,-0.6927735325067169,1.4094404598096437,-0.4427964752481953,0.07293183844416597
4.50496240601504,0.34704111486267375,-0.5738550601974762,0.6085715719765891,0.004219513851564525,-0.016677015050092194,0.043032209191317464,-0.17327235000926677,0.3002114209989794,-0.07447849440766897,-0.3504967331430434,-0.3041062766156231,-0.11147718281400992,0.16062034241563083,-1.774653335,0.6342929619164113,-0.38816461469606545,0.3324534690795166,0.1411840061137482,0.5225693851338817,-0.6910078718956314,1.39717113904438,-0.4263615806608591,0.08376236287862063
4.51332330827068,0.3446929697872636,-0.572199429606514,0.608994477226468,0.003898233524630618,-0.017967958660000956,0.039541298053834356,-0.1716609636719349,0.3033520050689836,-0.07384456650854992,-0.3498207801869151,-0.3053700439527907,-0.11012431534811243,0.15993977348318925,-1.7785133350000002,0.6610508185339806,-0.3890410504426249,0.3413046740121743,0.145096236493126,0.5258420478864534,-0.6893142490315527,1.3839438289168784,-0.4087032678673577,0.09544585706614701
4.521684210526319,0.3421914919949551,-0.5701478231356929,0.6091970099133228,0.0035245812848987866,-0.01929442380575015,0.03576340203976132,-0.1701224101186777,0.3065633059991465,-0.07333762663241147,-0.3493532674147005,-0.3066418614290488,-0.1087139182297069,0.1590634207921132,-1.7857933350000001,0.6893636556534922,-0.3899896948221943,0.3492825784373152,0.14881753730833983,0.5295524699023205,-0.6877236745280373,1.3698165765716193,-0.38989846657517824,0.10793199217614699
4.530045112781957,0.3395555991787659,-0.5677076898075273,0.6091577090308123,0.003096106342183373,-0.02064714207167532,0.03172813327406197,-0.1686758723016586,0.30976937916226177,-0.07299149892669109,-0.34914765118091184,-0.30792764156162183,-0.10725203456915815,0.1579889288718945,-1.7859333350000002,0.7190655716800385,-0.39099859358929767,0.3562404197627277,0.15238987751212574,0.5336492553905056,-0.6862642800911745,1.35485238028481,-0.3700241894238001,0.1211679151549531
4.538406015037596,0.33680460028922155,-0.5648892620487448,0.608857753880894,0.002610764254554627,-0.02201714980400207,0.027465157400986828,-0.1673436850886843,0.31291694416008664,-0.07283271608027989,-0.34924361347408506,-0.309231339283162,-0.10574341987760844,0.1567140167799721,-1.7721733349999997,0.7499847534988728,-0.39205530910398506,0.36206114491362645,0.15585164170483382,0.5380804379745575,-0.6849607184729907,1.3391186475079984,-0.34915708722366867,0.13509855379758454
4.546766917293236,0.3339580444557022,-0.5617055112654074,0.6082812986756587,0.0020669780348898663,-0.023395955536136617,0.023003852962488674,-0.16615040361906902,0.3159761039319692,-0.07287932752630773,-0.3496650758313339,-0.3105549165183883,-0.10419153931478914,0.15523647309838273,-1.7605733350000004,0.7819449118135648,-0.39314713304077964,0.3666592835328812,0.1592355271027622,0.5427941394935976,-0.6838336426988627,1.3226865737006022,-0.327373043722755,0.14966693376734605
4.555127819548875,0.3310355677642949,-0.558172069116636,0.6074157628232629,0.0014636929512854236,-0.024775700656859388,0.01837298595742661,-0.1651213598169222,0.31893929254410397,-0.07314009655911995,-0.3504190105110375,-0.31189832938290857,-0.1025985799235311,0.15355415263421676,-1.759213335,0.8147667528916189,-0.3942613013790735,0.36998179463643394,0.16256676561140387,0.5477391948159016,-0.6828992756758492,1.3056304484432217,-0.3047468124583484,0.16481450540145934
4.563488721804514,0.32805673908789507,-0.5543071147383005,0.6062520724790171,0.0008004240954144326,-0.02614931044154258,0.013600404076137836,-0.164280785234871,0.32181857326837277,-0.07361411430692225,-0.3514950923593098,-0.31325953791073397,-0.10096547742047346,0.1516649755867511,-1.7587133350000002,0.848269472045194,-0.39538520773929287,0.3720079030768854,0.16586174477521026,0.552865734650773,-0.6821690793233963,1.2880268966082975,-0.28135169762338985,0.18048147804430176
4.571849624060153,0.32504090621592857,-0.5501312287035668,0.6047848497192659,7.729590866635014e-05,-0.02751063272299213,0.008712754698411932,-0.16364961864699756,0.32464152306634414,-0.07429083968446958,-0.3528661938293632,-0.31463453801453045,-0.09929195695307243,0.1495669298736895,-1.7653533350000001,0.8822722538965873,-0.39650661117911423,0.37274797446702906,0.16912708493795808,0.5581257192443341,-0.6816495302102104,1.2699540635625877,-0.25725928023768296,0.19660715957107816
4.580210526315792,0.32200704357334614,-0.5456672150389683,0.6030125465255425,-0.0007049270157867497,-0.02885456168227985,0.003735230273953533,-0.16324314983738872,0.3274460372389575,-0.07515055557874867,-0.35448968509601203,-0.31601741518625637,-0.09757658708242192,0.1472580772200429,-1.7708133350000002,0.9165957643642981,-0.3976138346867736,0.37224150668605044,0.172359211187664,0.5634734168375247,-0.6813420063772281,1.2514907544669607,-0.23253919027291048,0.21313029870503616
4.588571428571432,0.3189736028500935,-0.5409398931338172,0.6009375216362406,-0.0015448183981013415,-0.030177144487472083,-0.001308655817717778,-0.1630686741862615,0.33027446205775063,-0.0761652134378858,-0.3563094631050638,-0.31740041925669454,-0.09581684611133988,0.1447365635077984,-1.7655333349999995,0.9510636193578884,-0.3986959508015464,0.3705543418842444,0.17554443827714003,0.5688658218323821,-0.6812427876254965,1.232715538704265,-0.20725892474458338,0.2299894276916654
4.59693233082707,0.31595836788177895,-0.5359758618785557,0.5985660592188136,-0.0024402784002431313,-0.03147566879522654,-0.006397260396221445,-0.1631233439307493,0.3331675085546103,-0.07729962193395833,-0.35825859952786443,-0.31877405935162023,-0.09400919974923802,0.14200063376504077,-1.7649333350000003,0.9855038153887243,-0.3997429510509167,0.3677752243185293,0.1786595654743014,0.5742630087368765,-0.6813431691004521,1.2137058312882458,-0.18148371116189602,0.2471232028745094
4.60529323308271,0.3129783151285783,-0.5308032388356209,0.5959083292230197,-0.0033885316613491267,-0.032748729451896996,-0.011510966664033635,-0.16339240016424947,0.3361584141867356,-0.07851292116448283,-0.360262469549256,-0.320127218010921,-0.09214918899090593,0.13904865204220043,-1.7630733350000003,1.0197501076873343,-0.4007458962146703,0.3640118458563577,0.18167295701599442,0.5796284191199101,-0.6816296855624323,1.1945369637702676,-0.15527641512559948,0.2644707407198605
4.613654135338349,0.3100494810914623,-0.5254513776764953,0.5929782901806276,-0.004386135327516154,-0.03399627308155128,-0.01663230412970273,-0.16384795443001132,0.33926779987987254,-0.07976027254049112,-0.36224220249640454,-0.321447283275821,-0.09023152698676577,0.1358791262834976,-1.7607933350000002,1.0536433219628616,-0.4016970448018686,0.3593865322178589,0.18454606333979265,0.5849290799868697,-0.6820844413490948,1.1752812576527205,-0.1286974902918921,0.28197194686209714
4.622015037593988,0.3071868379817485,-0.5199505675033691,0.5897935361050054,-0.005428997006822035,-0.03521961962217708,-0.021746031583929324,-0.16444846079422543,0.3424996193157889,-0.08099468653614297,-0.36411828244813776,-0.3227202973992606,-0.08825020359845034,0.13249073815647985,-1.7629533350000002,1.0870325866404495,-0.4025899575500425,0.3540317287987413,0.18723531935806606,0.5901357531627227,-0.6826855387592435,1.1560071136275298,-0.10180496838391925,0.2995678357879198
4.6303759398496265,0.304404178921063,-0.5143317180064105,0.5863750900012373,-0.006512402425395543,-0.03642146026193406,-0.026839183068905106,-0.1651389800966996,0.34583851877138044,-0.08216890614139141,-0.3658141226764109,-0.3239311206961685,-0.08619859626659904,0.12888237765497085,-1.7571333350000002,1.1197764732609414,-0.4034195762188062,0.34808544521704915,0.18969433947941364,0.5952230164247136,-0.6834075954676131,1.1367781300769475,-0.07465448643822642,0.31720083884614914
4.638736842105266,0.30171401389358676,-0.508626034682044,0.582747147310483,-0.007631052409582414,-0.0376058316279481,-0.031901077395530976,-0.16585229003991775,0.3492488247710426,-0.08323726329058397,-0.36725944216256556,-0.3250636089245063,-0.08406958576820536,0.1250531821440115,-1.7501533350000003,1.1517440337149358,-0.40418227544346386,0.34168681271080675,0.19187631556021076,0.6001692782415491,-0.684222339661362,1.1176522641961704,-0.04729934802733873,0.3348150983597841
4.647097744360905,0.2991274776007243,-0.5028646885487317,0.578936773368623,-0.008779108675105889,-0.03877806648399636,-0.03692329235375327,-0.1665108409278929,0.3526752602740758,-0.08415742868782095,-0.3683932851715387,-0.3261008024751471,-0.08185567540912389,0.1210025793727017,-1.7498733350000002,1.1828157240991668,-0.4048758869285807,0.3349718984950123,0.1937365140661095,0.6049567290327674,-0.6850992699120234,1.0986810488207193,-0.01979061480676882,0.35235674572808273
4.655458646616545,0.29665425028007925,-0.4970784849404366,0.5749735596471984,-0.009950247768863123,-0.03994472159361749,-0.041899605318101225,-0.16702950071541206,0.356045366155361,-0.08489198209755061,-0.3691665452186796,-0.32702512554940233,-0.07954911218366847,0.1167303338454113,-1.747833335,1.2128842062150962,-0.40549969578704165,0.3280699066251497,0.1952347628942787,0.6095712328442224,-0.6860063653970115,1.0799088775662038,0.007822775600284266,0.36977416153775666
4.663819548872183,0.29430249244615175,-0.4912975360311565,0.5708892441537862,-0.01113772238475643,-0.04111348379487591,-0.04682590246417717,-0.16731897832535797,0.3592734819418818,-0.08540973994339884,-0.369543881619298,-0.32781859341782693,-0.07714200843760198,0.11223659581668172,-1.744293335,1.2418550190637394,-0.4060544093567655,0.3210998764000421,0.19633781685756369,0.6140021642281536,-0.686910830992199,1.0613723702174147,0.03549386964072838,0.3870182158529125
4.672180451127822,0.2920787943900319,-0.485550941744726,0.5667173018900472,-0.012334429163658215,-0.04229305570557033,-0.051700059273930184,-0.1672897646711811,0.36226602666008073,-0.08568678945036402,-0.3695049487531407,-0.3284630257832348,-0.0746264625929915,0.10752195206311939,-1.7423333349999999,1.2696471141121592,-0.4065420993449516,0.31416796757048415,0.1970214939024555,0.6182421959057922,-0.6877798609947805,1.0430998294439182,0.06317754026095034,0.4040424870218753
4.680541353383462,0.2899881411403961,-0.47986648363171963,0.5624925116910652,-0.013532981990963503,-0.04349302282675316,-0.05652179541070595,-0.16685638994706029,0.3649277250904552,-0.08570719295531716,-0.36904489355042064,-0.3289402642150449,-0.07199467753293748,0.10258747748934222,-1.7400533350000005,1.296193249599673,-0.4069661186486646,0.307365397393126,0.19727248168981637,0.622287043465378,-0.6885814048198997,1.0251107988797468,0.09083031633909089,0.4208034575240093
4.688902255639101,0.2880338934394247,-0.4742703361501792,0.5582505060930406,-0.014725789724656135,-0.04472370413206569,-0.06129250738323219,-0.16594176647278092,0.36716835337539633,-0.08546334169803103,-0.3681741137062872,-0.32923239158149614,-0.06923907530041351,0.09743478654688428,-1.7398533350000003,1.3214402406987165,-0.4073309946712894,0.3007670687405228,0.19708972599821817,0.6261351738994192,-0.6892849179542897,1.0074157313974381,0.11841020380589226,0.4372606855794425
4.6972631578947395,0.2862177851262361,-0.4687867995706158,0.554027311093446,-0.015905137223601776,-0.045995988515138544,-0.0660150826861011,-0.1644813709379281,0.3689095357816482,-0.08495595464300687,-0.36691730588965343,-0.32932195138124276,-0.06635240683750647,0.09206608338690254,-1.733753335,1.3453490639288344,-0.40764230138803337,0.294430901949803,0.19648532812660124,0.6297874852048384,-0.689862081746951,0.990015775046392,0.14587650314583872,0.4533769514573091
4.705624060150379,0.2845399371487005,-0.4634380584410937,0.5498588827755692,-0.017063268500789167,-0.04732115971229595,-0.07069369929959668,-0.16242701963447378,0.37009111447081994,-0.08419373391335251,-0.3653118678964396,-0.3291921648666172,-0.0633278555781687,0.08648420963117051,-1.7225533350000002,1.367894815824342,-0.4079065128021235,0.2883978567823087,0.19548489752262874,0.6332469645534129,-0.6902874762645812,0.9729026826295469,0.17318962790861536,0.46911837764173997
4.713984962406018,0.2829988882439441,-0.4582439691990673,0.5457806477669238,-0.01819247080007928,-0.04871071251884186,-0.07533361455195864,-0.1597500055686493,0.37067663715756427,-0.08319270350837976,-0.36340574959799443,-0.3288271438576819,-0.06015913380794713,0.08069268863239383,-1.717253335,1.389066527458386,-0.4081308407694086,0.2826926056823452,0.19412732754442052,0.6365183326851132,-0.690539191424633,0.9560588492803445,0.20031092873279077,0.48445452224714586
4.722345864661657,0.28159164214057203,-0.4532218801080022,0.541827054389032,-0.019285158387990463,-0.05017616327084975,-0.07994094739191338,-0.15644339655158973,0.3706575620452624,-0.0819752714509844,-0.3612548731538228,-0.32821209716923044,-0.05684057081663424,0.0746957651051068,-1.7127333350000002,1.4088668380100207,-0.4083230604465661,0.27732479633391893,0.19246398575082194,0.6396076821834419,-0.6905993629209192,0.9394574806954303,0.2272025271913624,0.49935844531305346
4.730706766917296,0.2803137309439199,-0.44838648623463245,0.5380311411370069,-0.020333954864131868,-0.05172885766797935,-0.08452245808951689,-0.15252333684315822,0.3700558617680321,-0.08056906678239868,-0.3589202620780145,-0.32733352861229226,-0.05336719199286408,0.06849843904262175,-1.7079333350000003,1.427311532108176,-0.40849132683199674,0.2722908211229279,0.190557334488927,0.6425221171618758,-0.6904546210483089,0.9230628929008593,0.25382716351537676,0.5138067478514485
4.739067669172935,0.2791592941719404,-0.44374972167387333,0.5344241288053764,-0.02133177282477632,-0.05337977906460303,-0.08908532928140543,-0.14802924913231832,0.3689248126665358,-0.07900561141823233,-0.3564650304968285,-0.32617942458748833,-0.049734788141672835,0.062106492893541684,-1.7056733349999997,1.444428947179143,-0.40864398601498525,0.2675759942285529,0.18847902182721157,0.6452694016285434,-0.6900964423808673,0.9068309426054649,0.2801480619411006,0.5277795837637711
4.747428571428575,0.2781211727162327,-0.4393206906806207,0.5310350421574327,-0.02227188976310913,-0.05513936035551733,-0.09363695210615708,-0.14302289531503082,0.3673478754837865,-0.07731889246318747,-0.35395138781915014,-0.3247394293597709,-0.045939974445199934,0.055526511052596414,-1.704713335,1.4602592584450713,-0.4087893848253474,0.2631570242831639,0.18630750606678978,0.6478576234090468,-0.6895213963229121,0.8907095853502803,0.30612881706269574,0.541260644987869
4.755789473684214,0.2771910168129064,-0.4351056387892827,0.5278903665263777,-0.023148019155985626,-0.05701730252871544,-0.09818472094154942,-0.13758631988745662,0.36543570034411516,-0.07554390296296064,-0.3514378099741365,-0.32300500619256894,-0.041980238631174414,0.048765890823931325,-1.6991933350000004,1.474853650553477,-0.4089356825814531,0.2590046623055496,0.1841252981695776,0.6502948800036181,-0.6887312807914433,0.8746395568238798,0.33173330416124863,0.5542371204747764
4.7641503759398525,0.2763594069241633,-0.4311079644018609,0.5250137441463364,-0.023954375769381284,-0.05902240285196378,-0.10273583996411761,-0.1318187647401241,0.3633214140492733,-0.07371521821564163,-0.34897651666770324,-0.32096958262396447,-0.037853978061707955,0.041832844138943996,-1.6938333349999999,1.488273386046301,-0.40909066856947385,0.25508640121829623,0.182015924548629,0.6525889921452848,-0.6877331436540223,0.8585551709070003,0.35692561602813655,0.5666996298286353
4.772511278195491,0.2756159862564357,-0.4273282707130451,0.5224257143498806,-0.024685734311678986,-0.06116239550400743,-0.10729714440960475,-0.1258327046362202,0.36115446277567964,-0.07186567078979564,-0.34661137547236326,-0.31862867828795427,-0.033560525604267415,0.034736389453368245,-1.7001333350000003,1.5005887819873358,-0.4092615887525701,0.25136910482260155,0.18006072695144704,0.6547472501227464,-0.686539188988548,0.8423852262623763,0.38167002831240116,0.5786421326678919
4.780872180451131,0.274949603477341,-0.42376445722574646,0.5201435010470448,-0.02533748067383096,-0.06344380725771895,-0.11187493902849904,-0.11974920485702807,0.3590933803650901,-0.07002518056585065,-0.3443763290391641,-0.3159800138197038,-0.029100164295585543,0.02748633340721154,-1.706113335,1.511878107045782,-0.40945498500844685,0.24782145055477706,0.17833562594864527,0.6567761971490937,-0.685166569698865,0.8260540116235118,0.40593099490483003,0.5900618149796796
4.78923308270677,0.274348464044238,-0.42041184950247035,0.5181808501308615,-0.025905655116378754,-0.06587183057480583,-0.11647485581238949,-0.11369284307834888,0.35729792497557705,-0.06821978682487435,-0.34229441264054244,-0.3130235995344435,-0.02447413095576599,0.02009324200366455,-1.7023733349999999,1.522226412169877,-0.40967654993147556,0.24441608143344565,0.17690797930586444,0.6586814532103691,-0.6836370704605312,0.8094823983843178,0.4296731743329414,0.6009589539396986
4.797593984962409,0.2738002884243254,-0.41726336520662305,0.5165479186488267,-0.02638698689326985,-0.06845021618395843,-0.12110173262331929,-0.10778646390684299,0.35592106998764816,-0.06647091815671503,-0.3403773971710969,-0.30976180273462306,-0.01968460905206438,0.012568401246219704,-1.6989133350000003,1.531724308668041,-0.4099309999167831,0.24113137788738534,0.1758336659517075,0.6604675819322999,-0.6819766873326544,0.7925890076740506,0.4528614875884409,0.611336762854736
4.805954887218048,0.2732924753723476,-0.4143097139227272,0.5152512167515376,-0.026778919939190092,-0.07118118689138872,-0.12575951389894927,-0.1021460449540941,0.35510134584115327,-0.06479492333325139,-0.3386260593384354,-0.30619939267831403,-0.014734711247967868,0.00492376736370775,-1.6997533349999998,1.5404667080378251,-0.41022196887477935,0.23795277902187123,0.1751545202604409,0.6621380020759918,-0.6802151126043141,0.7752914378411222,0.47546120724953106,0.6212012180521976
4.814315789473687,0.27281226833922795,-0.41153962771473124,0.5142936025924687,-0.02707962938845935,-0.07406537402001802,-0.13045117414053659,-0.09687594716686855,0.3549560072188355,-0.06320287293115931,-0.3370310478061754,-0.30234356243266025,-0.00962845220152062,-0.002828093052668135,-1.6994933349999999,1.548551538238837,-0.41055192451292444,0.2348736045738905,0.17489623007368726,0.6636949443310315,-0.6783851355001888,0.7575075371852922,0.49743807720237704,0.6305608696887787
4.822676691729327,0.2723469230152302,-0.40894011889576365,0.5136743295199301,-0.027288028837074582,-0.07710177749706756,-0.1351786644277619,-0.09206479972696195,0.3555754462477583,-0.06170062805316794,-0.3355742832032115,-0.29820392703829307,-0.0043707122957392435,-0.01067407248154164,-1.6960933350000003,1.5560784512906074,-0.41092210867527756,0.2318953524340365,0.1750667956458907,0.665139453134434,-0.6765219712057232,0.7391567058885075,0.5187584617166829,0.6394266385770462
4.8310375939849655,0.2718838739661805,-0.4064967610487949,0.5133891440870451,-0.027403768402867994,-0.08028775021584604,-0.13994288175331523,-0.08778223257638651,0.3570191908530109,-0.06028915963808247,-0.3342308027577673,-0.2937924976227536,0.0010328069080590533,-0.018600600762750295,-1.6947333350000002,1.563147537087751,-0.4113325027583155,0.2290274711903798,0.17565562608753865,0.6664714323231268,-0.6746625322481424,0.720161210415492,0.5393895220972409,0.647811601232794
4.839398496240605,0.27141089830216686,-0.4041939889629477,0.5134304326210491,-0.027427223779636502,-0.0836190068927787,-0.1447436605394341,-0.0840766198458604,0.35931372363955005,-0.058965090177404554,-0.33297093821519647,-0.2891236313216307,0.006575634607471607,-0.02659373135347639,-1.6917333350000003,1.5698580581626198,-0.411781818732903,0.2262866316349961,0.17663332567042128,0.6676897325426161,-0.6728446575519039,0.7004474931985856,0.5592994186237923,0.6557307654264136
4.847759398496244,0.2709162743259341,-0.4020154128409517,0.5137874133517797,-0.02735947661720538,-0.08708965723203395,-0.14957978529622368,-0.0809739382850698,0.3624522377588913,-0.0577214197096422,-0.33176269974388517,-0.2842139570937119,0.012250589117923904,-0.03463923448111883,-1.690273335,1.5763072197917822,-0.41226751580664,0.22369554450970908,0.17795219549355837,0.6687922775007791,-0.6711063154479241,0.6799474601966436,0.578457535012589,0.6632008385772473
4.856120300751883,0.2703889331434977,-0.39994414189480554,0.5144463704125207,-0.02720228668852006,-0.09069226280441174,-0.1544490230147637,-0.07847777991213815,0.3663963202010385,-0.05654839018688963,-0.3305742294843753,-0.2790822777491393,0.018049841616561167,-0.0427226959653235,-1.6979733350000006,1.5825889893409948,-0.41278584226770654,0.22128139292606244,0.1795474475635642,0.6697762253879728,-0.6694847975339933,0.6585997289311631,0.5968347221912829,0.6702399913603516
4.8644812030075215,0.26981860128251245,-0.3979631122832993,0.5153909254050943,-0.02695805642495333,-0.09441791665135013,-0.1593481735630141,-0.0765704915571838,0.3710794283487644,-0.05543443703161749,-0.32937618664865054,-0.27374944874544727,0.02396498418173132,-0.05082962033949633,-1.7032333350000002,1.5887929780797483,-0.4133319015702467,0.21907396592262685,0.18133909948602972,0.6706381610961766,-0.6680159205452181,0.6363508198569422,0.6144035577803537,0.6768676188999115
4.872842105263161,0.26919593245445306,-0.39605541425974516,0.516602341674814,-0.026629788510169835,-0.09825634424572564,-0.16427313607466115,-0.07521534988775194,0.3764119108142355,-0.054367174125550186,-0.3281439316429718,-0.26823823454330936,0.029987101001823915,-0.05894553678049718,-1.698613335,1.595003397878776,-0.41389974126149565,0.2171035936866101,0.1832344899031446,0.6713743142724712,-0.6667332532916174,0.613156274418794,0.6311386173247904,0.6831041019026786
4.8812030075188,0.268512626714081,-0.3942046133928863,0.5180598559779501,-0.02622103731939862,-0.10219602408502788,-0.16921898909449623,-0.07435962279966751,0.3822872262108252,-0.05333435866117752,-0.3268593892026962,-0.2625731435496435,0.03610684160657782,-0.06705610625679508,-1.6921733350000001,1.6012981042417656,-0.4144824629209725,0.21539899439234614,0.18513132874482413,0.6719807977459389,-0.6656673852562388,0.588981683875973,0.6470167530241554,0.6889705700384711
4.88956390977444,0.2677615354129635,-0.3923950607991047,0.5197410318515965,-0.025735855073343993,-0.10622432586557277,-0.17418008207173155,-0.0739383202210206,0.3885889400296011,-0.05232478516662585,-0.32551248926751253,-0.25678024290806106,0.04231449496969032,-0.07514722823253477,-1.6949933350000004,1.6077477360272985,-0.4150723508902519,0.21398514691747592,0.18692117342022121,0.6724538604802424,-0.6648452526301328,0.5638036139344061,0.662017375471744,0.6944886698035264
4.8979248120300785,0.2669367505115524,-0.3906121874790228,0.5216221287187026,-0.02517873364297197,-0.11032766389428547,-0.17915013567668261,-0.07387840223188957,0.39519803496042205,-0.05132906338155226,-0.3241021082495758,-0.2508869546230859,0.04860006334360897,-0.08320514521967445,-1.702613335,1.614414961001751,-0.4156610172253878,0.21288130263193622,0.18849320328333088,0.6727901489329694,-0.6642895364063814,0.537610411402582,0.6761227337378886,0.699680339007144
4.906285714285717,0.2660336770046979,-0.3888427780844386,0.5236784805833326,-0.024554542992071,-0.1144916631422575,-0.18412234835711347,-0.07410319193118323,0.4020000566110556,-0.05034024219136654,-0.3226364611532781,-0.24492183472260642,0.05495333471550297,-0.09121654345411984,-1.704713335,1.6213538350429133,-0.41623956000938317,0.21209924299955318,0.18973815091830423,0.6729869705514234,-0.6640181456874784,0.5104028804658545,0.6893181890212522,0.704567589903735
4.914646616541357,0.2650490874262696,-0.38707521974904024,0.5258848780951573,-0.023868467278102424,-0.11870133513613222,-0.18908950654769258,-0.07453673570946091,0.40889163526344835,-0.04935425109395046,-0.32113292520057884,-0.2389143373701327,0.06136395281712629,-0.09916864798561126,-1.704333335,1.6286092814031987,-0.4167987319245188,0.21164187812005253,0.1905522406622297,0.6730425531048874,-0.6640437976086719,0.48219481773868583,0.7015924770472048,0.7091723028524634
4.923007518796996,0.2639811576272359,-0.3852997219941012,0.528215947788266,-0.023125939648021756,-0.12294126072301594,-0.1940440959977074,-0.07510786452431457,0.4157859735042028,-0.048370141172838894,-0.3196173065940862,-0.23289456603205003,0.06782148367992202,-0.10704931051553122,-1.704473335,1.6362166949572616,-0.41732911580805787,0.21150226504854885,0.19084098273522518,0.6729562936452859,-0.6643737032804576,0.4530133969849374,0.7129379544151151,0.7135160322268119
4.931368421052635,0.2628294832652398,-0.38350850416281557,0.5306465224264674,-0.02233257676435702,-0.12719577663487902,-0.19897841178561104,-0.07575373543348161,0.42261696564858964,-0.04739011872663926,-0.31812259217716815,-0.22689301398267836,0.07431547779940363,-0.1148470883917601,-1.7041933350000003,1.6442016748193737,-0.4178213038028191,0.21166310446735728,0.19052267554134428,0.6727289910992292,-0.6650093669476079,0.42289939627006373,0.7233508241868867,0.717619826118482
4.939729323308274,0.26159507669925786,-0.38169594733748763,0.5331519966125468,-0.021494114078055713,-0.13144916272126683,-0.20388466474025493,-0.07642267110811392,0.4293417124118995,-0.04641937597518265,-0.31668725544867316,-0.2209402965890796,0.08083552705853074,-0.12255131327465786,-1.7038133349999998,1.652579887139399,-0.4182660766680467,0.21209675096090905,0.1895314790311363,0.6723630568201884,-0.6659465031957608,0.3919072623011256,0.7328313361666546,0.7215040611861993
4.948090225563913,0.2602803442469278,-0.37985870824487367,0.5357086621380817,-0.02061634282893771,-0.13568582671567353,-0.20875508218303188,-0.07707616362756484,0.43594130641823287,-0.045465734052479646,-0.31535321021997625,-0.21506687795582222,0.08737131565724171,-0.13015214812208326,-1.704513335,1.6613570582915371,-0.41865457983632287,0.21276574683271454,0.1878199381009681,0.6718626978634678,-0.6671750745590033,0.360105008794087,0.7413839575447483,0.7251882937925348
4.956451127819552,0.25888904403100066,-0.3779957932481916,0.5382940179574915,-0.019705049702772703,-0.13989048345132,-0.21358200113702192,-0.07768996425384869,0.44241988308788754,-0.04453912326265607,-0.3141635239367678,-0.20930279462506346,0.09391266440313463,-0.13764063130245477,-1.7054333350000006,1.6705290970762674,-0.41897849288806877,0.2136238632951367,0.18536085621275591,0.6712340682803336,-0.6686794493449234,0.32757394785466465,0.7490175098654589,0.7286911283532661
4.9648120300751915,0.25742622491135386,-0.3761085911505313,0.5408870501577435,-0.0187659600070684,-0.14404832554557961,-0.21835795241235773,-0.07825423943270524,0.4488020490296115,-0.04365093383565283,-0.31316001537454136,-0.20367737911724207,0.10044956783497683,-0.14500870683106742,-1.708513335,1.680082342982314,-0.41923018926430944,0.21461760721249465,0.18214844488684828,0.670485384350923,-0.6704386769504977,0.294408255539548,0.7557452686246815,0.732030103596727
4.97317293233083,0.25589814726627375,-0.3742008641839324,0.543468477854944,-0.01780468514688393,-0.14814518272728103,-0.2230757342646312,-0.07877283117714534,0.4551289082751228,-0.042813276776200705,-0.31238086742469484,-0.19821898616050354,0.1069722237746386,-0.15224923993358974,-1.7134133350000003,1.6899939360208067,-0.4194028832474532,0.2156881276435642,0.17819870339155514,0.669627000376681,-0.6724268754465256,0.2607143749490284,0.7615850222061535,0.735221597197783
4.98153383458647,0.25431218664738564,-0.37227869722113055,0.5460209615712317,-0.016826675088881207,-0.15216766718506095,-0.22772847462812076,-0.07926171359131871,0.46145299824568,-0.04203819855654616,-0.311858384740248,-0.1929547244910393,0.11347105503244997,-0.15935601736881722,-1.714193335,1.700232302166744,-0.4194907615043359,0.21677343541085492,0.1735490136165123,0.6686714424189547,-0.6746137238128435,0.22661026235952306,0.7665590873191418,0.7382807490153291
4.989894736842109,0.252676721582839,-0.370350405912524,0.5485292713192415,-0.015837176398099624,-0.15610330256448746,-0.23230968124058288,-0.0797467832834035,0.4678325161688944,-0.04133689518079889,-0.3116170181944671,-0.18791019711042997,0.11993672312406818,-0.16632373218688795,-1.7143333349999998,1.710757747041084,-0.41948909680012597,0.2178108319028177,0.16825696646809596,0.6676333981868064,-0.6769650489621107,0.19222448400491707,0.7706942786006505,0.7412214029264624
4.9982556390977475,0.25100100703935024,-0.36842640510880226,0.5509804123354607,-0.014841196319469343,-0.15994063453268725,-0.23681327929395046,-0.08026115706500435,0.47432525833098377,-0.04071897049048654,-0.311671763868875,-0.18310925285874707,0.12636013399185472,-0.17314795285547901,-1.7192933350000001,1.721523149157404,-0.4193943418493682,0.21873943119836003,0.16239846681904005,0.6665296621290017,-0.6794434956444075,0.1576951731294279,0.7740218305855856,0.7440560670175734
5.006616541353386,0.24929503527183405,-0.3665190395694956,0.553363707145955,-0.01384347325688347,-0.1636693211568198,-0.2412336365582508,-0.08084217365179985,0.4809827065378504,-0.04019178055590003,-0.3120270244091434,-0.17857375210283755,0.13273243585861513,-0.17982507695089478,-1.723233335,1.7324747428558296,-0.4192042016641608,0.21950265307371122,0.1560651927586384,0.665379035656814,-0.682009265522064,0.12316885883323217,0.7765772708222801,0.7467958916654361
5.014977443609026,0.24756938598616307,-0.3646423795692478,0.5556708334057132,-0.012848453878856128,-0.16728020170145783,-0.24556557622742045,-0.08152830593371556,0.48784467802699427,-0.03975990079523052,-0.31267599613891256,-0.1743233492474862,0.13904500947446355,-0.18635226987913506,-1.725933335,1.7435529799685823,-0.41891768318124967,0.22005056392926653,0.14936151038388806,0.6642021832997274,-0.6846209101830179,0.08879917998821066,0.7784002435114136,0.7494506648227633
5.023338345864666,0.2458350679128848,-0.36281198458711056,0.557895817713558,-0.011860276953596512,-0.17076534283369849,-0.2498043780188969,-0.08235618655410282,0.4949349084685212,-0.03942474538178344,-0.3136006176066755,-0.17037529465301246,0.14528945114667483,-0.19272738935951464,-1.7321533349999998,1.7546934583191238,-0.4185351213912423,0.22034194828720255,0.14240096654426548,0.6630214464592898,-0.6872361616547118,0.0547454990896238,0.7795342836662642,0.7520288236153441
5.0316992481203044,0.24410335403459443,-0.3610446387903383,0.5600349863555146,-0.010882763889953935,-0.17411806162715518,-0.2539457683179239,-0.08335793271519479,0.5022578662184219,-0.03918435993021526,-0.31477208572769505,-0.1667442583866763,0.15145754906586936,-0.19894889666566498,-1.731493335,1.7658279043620972,-0.41805818164543207,0.2203460050838657,0.1353024978924518,0.6618606172614248,-0.6898127831158242,0.02117143230722111,0.7800265424238007,0.7545374811644036
5.040060150375943,0.24238561282456586,-0.35935806249449304,0.5620868746582711,-0.009919415836356731,-0.17733292517001648,-0.25798590038710606,-0.08455892784108704,0.5097970049268254,-0.039033398859574873,-0.3161519159264358,-0.16344217804784167,0.1575412535579839,-0.2050157558712321,-1.726753335,1.776885196633849,-0.4174898382699726,0.22004358003620914,0.1281865046221592,0.6607446757991539,-0.6923094219996089,-0.011756686814192075,0.779927464771478,0.7569824673706658
5.048421052631582,0.2406931379370243,-0.3577706041884325,0.5640520973288548,-0.008973417069755104,-0.18040572700104765,-0.26192132585739225,-0.08597618022778583,0.5175145575448754,-0.03896328872580652,-0.3176934942454751,-0.16047813268937205,0.16353264199857834,-0.2109273225858211,-1.736333335,1.7877924162112517,-0.4168343300644792,0.2194278671356504,0.12117094097924772,0.6596994947914093,-0.6946864475524608,-0.0438713915969841,0.7792904215858548,0.7593683822379846
5.056781954887222,0.23903697883838396,-0.3563009180491935,0.5659331828054894,-0.008047644292778225,-0.18333344101356613,-0.26574895887471806,-0.08761733489109136,0.5253528651322612,-0.03896256873275469,-0.31934404374855246,-0.15785824461183642,0.1694238792225686,-0.2166832238864049,-1.7484133350000002,1.7984759100757397,-0.41609709369390796,0.21850453779938608,0.11436757188549485,0.6587515163459167,-0.6969067551589112,-0.07500569529342654,0.778171298498307,0.7616986601764119
5.0651428571428605,0.23742777488262132,-0.35496763213223226,0.5677343752371715,-0.007144681351811879,-0.18611415387388203,-0.2694660343943258,-0.08948036763453959,0.5332371263630565,-0.03901739009634314,-0.3210469060396016,-0.15558561053482345,0.17520717434706448,-0.22228323134641487,-1.751093335,1.8088623531538701,-0.41528467639047617,0.21729128416516885,0.10787853597904203,0.6579274060928135,-0.6989365203660596,-0.10499471338632323,0.7766280447023675,0.7639756436089228
5.0735037593985,0.23587559531194735,-0.3537890126024185,0.5694614082361745,-0.006266838793319661,-0.18874697739042037,-0.2730700621906134,-0.09155394317625357,0.5410793557416518,-0.03911214744663345,-0.32274402245590966,-0.15366026335343394,0.18087473499638132,-0.22772712923525432,-1.7534933350000004,1.8188797948571174,-0.41440462975871395,0.21581679207842705,0.10179334049927118,0.6572536904400188,-0.7007458865250938,-0.13367727534629176,0.7747201853888923,0.7662006641143021
5.081864661654139,0.23438978760584042,-0.35278262946734706,0.5711212549999791,-0.005416177592120521,-0.19123194263593826,-0.2765587781835831,-0.09381837517301735,0.5487832569951421,-0.0392302084444378,-0.3243784893032041,-0.15207916537067562,0.18641871997541615,-0.2330145801015959,-1.759073335,1.8284586761716621,-0.4134653868144199,0.21411918803577804,0.09618639343768146,0.656756383082324,-0.7023095712960188,-0.1608975061313457,0.7725083020319709,0.768374129272065
5.090225563909778,0.23297883650758539,-0.3519650292849557,0.5727218597697785,-0.004594536314934442,-0.19356987796150538,-0.2799300946739084,-0.09624708802932923,0.5562496584028086,-0.039354702621020185,-0.3258970578942253,-0.15083623356121,0.19183119147953884,-0.23814499006151685,-1.764253335,1.8375328037512084,-0.41247612468110767,0.21224403125248473,0.09111515418135258,0.6564606071665542,-0.7036073789076647,-0.1865063580467876,0.7700534852432712,0.7704956133347306
5.0985864661654166,0.23165023592854328,-0.35135142024151134,0.5742718558759108,-0.0038035609265252932,-0.19576227334126767,-0.28318205102866495,-0.09880845084796433,0.5633821228604756,-0.039469327381721465,-0.3272524532953054,-0.1499223970722184,0.19710406795526184,-0.24311737618478063,-1.7696733349999998,1.8460402680377574,-0.41144661561020063,0.21024194571496585,0.08661895661852358,0.6563902196696875,-0.7046246069954092,-0.21036307417765576,0.7674167653588162,0.7725639498388146
5.106947368421056,0.23041037576779785,-0.35095537483445793,0.575780275811938,-0.003044736405155506,-0.1978111337460974,-0.28631276627117197,-0.10146783448942244,0.5700923393063566,-0.03955912829744587,-0.32840539538995084,-0.14932568680689048,0.20222907873573473,-0.24793023840738354,-1.7760733350000002,1.8539242931701325,-0.4103870691795132,0.20816600630392662,0.08271852961561145,0.6565674445823537,-0.7053523390146123,-0.23233656545449577,0.7646585263139705,0.774577324278882
5.115308270676696,0.2292644454904363,-0.3507885551495124,0.5772562588758118,-0.002319419309505364,-0.19971882445733782,-0.28932039490434147,-0.10418973443560872,0.5763049238242763,-0.03961121227484873,-0.32932622160518266,-0.14903135656927022,0.20719772156829305,-0.25258143839444913,-1.7787533350000004,1.8611340073293192,-0.40930796865533076,0.2060690067768636,0.07941621024286834,0.6570125214055884,-0.7057876156039979,-0.2523066845050547,0.7618379086944382,0.7765333650087619
5.123669172932335,0.22821635608388133,-0.35086046539614035,0.5787087619174194,-0.0016288704311004552,-0.20148791139502892,-0.2922030871414164,-0.10693980517841212,0.5819613063933211,-0.039615355861228385,-0.3299960315735752,-0.14902203488021326,0.21200122412783098,-0.25706808773385964,-1.778293335,1.8676251232027345,-0.4082199045747155,0.20400074479405383,0.07669681646199873,0.6577433752651646,-0.7059334808011991,-0.27016538076502156,0.7590122081184622,0.7784292306002213
5.1320300751879735,0.227268681761218,-0.3511782359648242,0.5801462786371528,-0.0009742866747469221,-0.20312099964511787,-0.29495895453568083,-0.1096866655706383,0.5870224491611257,-0.03956447660428258,-0.33040729901213955,-0.1492779062074682,0.21663051056983287,-0.2613864477574857,-1.7785133350000004,1.873360519414183,-0.4071334086157689,0.20200545978479006,0.07452911947868572,0.658775314628475,-0.7057989016400289,-0.2858177228522998,0.7562362753044263,0.7802616919811988
5.140390977443612,0.22642262250660897,-0.3517464427992494,0.5815765726919668,-0.00035683133431722494,-0.2046205734249667,-0.2975860417968833,-0.11240335765603533,0.5914702290393764,-0.039454942747620056,-0.33056392387017897,-0.14977691999295292,0.22107617412088976,-0.26553184316399375,-1.781033335,1.8783107150484704,-0.40605879077493623,0.20011955314815982,0.07286783277537669,0.6601207621790343,-0.7053985623310691,-0.2991827759306165,0.7535619243053907,0.782027207792069
5.148751879699252,0.22567798826431046,-0.35256696534367954,0.5830064295872134,0.0002223380280056117,-0.20598884072463483,-0.3000823053624723,-0.11506837199643322,0.5953074149654024,-0.03928670521040284,-0.3304807268742903,-0.15049502551175775,0.2253284566330442,-0.2694985914560893,-1.7853533350000002,1.8824542307841186,-0.4050059827636821,0.19836970728861006,0.07165601597276018,0.6617890238704977,-0.7047525368879436,-0.31019432367594435,0.7510373554455351,0.7837219915379015
5.157112781954891,0.22503320526349052,-0.3536388857384097,0.5844414319693969,0.0007620448349769047,-0.20722758580256412,-0.3024455990622887,-0.11766618803678407,0.5985562712692667,-0.039063245316668736,-0.33018241745890053,-0.1514064302648655,0.22937723594217663,-0.273279950007452,-1.7895133349999999,1.8857778316175873,-0.40398439037479317,0.19677150087546152,0.07082777790181727,0.663786100554733,-0.703885846655195,-0.31880142648713045,0.7487065994715614,0.7853420692755679
5.16547368421053,0.22448534465027944,-0.35495843130318216,0.5858857624933027,0.0012610725458797923,-0.20833803259899678,-0.3046736669823235,-0.12018731591248526,0.6012559159812676,-0.03879134160595969,-0.329702093210315,-0.15248387929555174,0.23321202177088307,-0.27686808234292826,-1.786993335,1.8882766477001702,-0.40300275735503793,0.1953285933895397,0.07031115512762308,0.6661145458677815,-0.7028279116651579,-0.32496880972230513,0.7466089893342769,0.7868833267548452
5.173834586466169,0.22403017327077746,-0.35651896167952485,0.5873420379244656,0.0017181480892988006,-0.2093207219602669,-0.306764143402715,-0.12262786354213527,0.6034586496994886,-0.03848066875304932,-0.3290793529606288,-0.15369895253228952,0.23682196080410617,-0.280254044952735,-1.7796333350000004,1.8899541713955255,-0.4020690430608036,0.19403252366759918,0.07003103989910449,0.6687733732758228,-0.7016119070479807,-0.32867707796528245,0.7447786658422022,0.7883415451300234
5.182195488721808,0.2236622261187811,-0.35831100130839344,0.5888111775635693,0.0021319301655094852,-0.21017540534448229,-0.308714559463436,-0.12498868720852727,0.6052255407276481,-0.03814325064057423,-0.3283581253015821,-0.15502237700291438,0.24019585144254782,-0.2834277956710316,-1.7771533350000002,1.890822130282416,-0.40119031587237275,0.1928631361937722,0.06991203506655523,0.6717580143441848,-0.7002740377917884,-0.32992275360041445,0.7432441231813698,0.789712424570496
5.190556390977447,0.22337489963454513,-0.3603223172100311,0.5902923084530179,0.0025010028027933344,-0.2109009574074483,-0.3105223560039175,-0.12727421275210957,0.6066216007594998,-0.03779279748869453,-0.32758432853526026,-0.15642435053970455,0.24332216860614775,-0.28637822433527554,-1.7787333349999999,1.8909002374537882,-0.4003726640072234,0.19178961689308463,0.06988112258944161,0.6750603294107369,-0.6988527469540149,-0.328718140268492,0.7420277999756424,0.7909915953225667
5.1989172932330865,0.22316056472079215,-0.3625380413196091,0.5917827091583877,0.0028238744400236994,-0.21149530955120055,-0.3121849018355897,-0.12949103607899057,0.6077109091828242,-0.037443963234083354,-0.32680348620910254,-0.15787487340649367,0.24618909881933917,-0.28909320610977773,-1.7808733350000003,1.8902158220799548,-0.3996211250102562,0.19077208880973268,0.06987004626612808,0.6786686709362135,-0.6973878739207376,-0.3250910140583164,0.7411457211728997,0.7921746160073767
5.207278195488726,0.22301069803418128,-0.3649408359261333,0.5932777932202039,0.0030989826900797387,-0.21195540616122557,-0.3136995165438595,-0.13164642459099654,0.6085520416628101,-0.037111563730611155,-0.3260584239875471,-0.15934408413014,0.24878458566317507,-0.2915596775096886,-1.781993335,1.8888033447903492,-0.39893963481679673,0.1897636889492845,0.06981732743852434,0.6825679988842547,-0.6959197804651199,-0.3190841475266963,0.740607195588134,0.793256959178341
5.215639097744365,0.22291602981921363,-0.3675111000743626,0.5947711326564262,0.0033247048171544578,-0.21227718486808744,-0.31506349678263207,-0.13374684470504816,0.6091941304923173,-0.036809798577909,-0.32538716862250705,-0.1608025957124053,0.2510963855286503,-0.293763734805468,-1.7823933349999996,1.886703803965539,-0.3983309968905062,0.18871302228130551,0.06966985365442081,0.686740046569583,-0.6944884631425161,-0.31075467380255495,0.7404145734195404,0.794233984402593
5.224000000000004,0.2228667062815674,-0.3702272141309355,0.5962545211753844,0.0034993738380281426,-0.21245558175107912,-0.316274144923585,-0.13579663485625248,0.6096738325605107,-0.036551519343674704,-0.3248211584731897,-0.16222182833679913,0.2531121334525822,-0.29569075412813484,-1.7809733349999999,1.8839640404997136,-0.3977968715410527,0.18756686881032605,0.06938400346954726,0.6911635345201312,-0.6931326709596066,-0.3001733000885056,0.7405630674833847,0.7951008993714008
5.2323609022556425,0.22285246425334002,-0.3730658190969733,0.5977180760449857,0.0036213000351094167,-0.21248456196254706,-0.31732879885668624,-0.13779692895427587,0.6100134096530515,-0.03634758462034548,-0.3243838579936237,-0.16357433466997623,0.2548194186642689,-0.29732553223783786,-1.7773333349999998,1.8806359499753378,-0.3973377851336001,0.18627300584694143,0.06892629452558784,0.6958144290441616,-0.6918890472572862,-0.28742338179695864,0.7410406412939314,0.7958527097810794
5.240721804511282,0.22286281568755098,-0.3760021266799917,0.5991503768689875,0.003688797549735748,-0.21235717579895183,-0.3182248617096459,-0.13974491346838924,0.6102200404879702,-0.03620633785389315,-0.3240898467503677,-0.16483411388999425,0.2562058693198392,-0.29865244656817197,-1.776413335,1.876775612468734,-0.3969531585217733,0.18478300094682895,0.0682735655221098,0.7006662413919585,-0.6907913143493141,-0.27259987032086286,0.7418279664525588,0.7964841589552137
5.249082706766921,0.22288723933705246,-0.37901025562714535,0.6005386388568331,0.0037002156100595304,-0.21206563978609203,-0.31895983026296054,-0.14163347393067754,0.6102863907214942,-0.0361332374223762,-0.32394442799846623,-0.165976910654721,0.25725924575377834,-0.2996556328217998,-1.7790933350000002,1.872442351361663,-0.39664135367528897,0.18305483186655863,0.06741272453244745,0.7056903626681672,-0.6898695186667007,-0.2558081490171479,0.7428984511127005,0.7969896583978759
5.257443609022561,0.22291537682680565,-0.38206358937791385,0.6018689175513103,0.003653973840936002,-0.21160144188893854,-0.3195313208837782,-0.1434512558022538,0.6101923729569287,-0.03613066034724875,-0.32394377396473334,-0.1669804953528736,0.2579675414355508,-0.3003191780748389,-1.778813335,1.867697733554811,-0.3963997371399814,0.18105519834823164,0.06634011522919765,0.7108564289988116,-0.6891493529854222,-0.23716277335208574,0.7442183405619502,0.7973632106727321
5.2658045112781995,0.2229372302209272,-0.3851351497245752,0.6031263414087116,0.0035486010055693277,-0.21095546950897015,-0.31993709188492553,-0.14518313267056226,0.6099079404129918,-0.036197891700484125,-0.32407559621725046,-0.16782492215687972,0.2583190906854851,-0.3006273270534348,-1.7779733349999998,1.8626045243510485,-0.3962247586679267,0.17876140622258366,0.0650605680815857,0.7161327108986327,-0.6886515707843907,-0.2167861323033384,0.745746890217687,0.7975983261915084
5.274165413533838,0.2229433581190617,-0.3881979808793366,0.6042953681189699,0.0033827764421080226,-0.21011815850143079,-0.320175061333054,-0.14681104398569095,0.6093966817458236,-0.036331301700666896,-0.32432030133607986,-0.16849276161964963,0.2583026820800044,-0.30056469898098254,-1.781853335,1.8572256109879228,-0.396112043094459,0.17616272645301045,0.06358621477134309,0.7214865203302097,-0.6883915059212562,-0.19480704901793325,0.747436610576073,0.7976879356643483
5.282526315789477,0.2229250672920166,-0.39122553814270805,0.6053600601170774,0.0031553733845723427,-0.20907966103899306,-0.32024331947908763,-0.1483151372017162,0.6086199260396874,-0.036524702189105585,-0.32465256600712755,-0.16896930482445865,0.2579076763636339,-0.30011651216322477,-1.7816133350000003,1.8516229093403715,-0.3960564933218823,0.17326115921439678,0.061935150495808555,0.7268846286052257,-0.688378708662327,-0.17135933937674996,0.7492335828948028,0.7976243001114953
5.290887218045117,0.2228745968851114,-0.3941920752522216,0.6063043743794361,0.0028655032978951605,-0.20783002977402415,-0.3201401351612447,-0.1496751271656767,0.6075410303445312,-0.036769864176927056,-0.32504324299499127,-0.16924273640586615,0.25712412758562403,-0.29926881328514765,-1.7775933350000002,1.8458562686783886,-0.3960524021004703,0.17007156449087937,0.0601300303005154,0.7322936880570748,-0.6886167067026537,-0.14658034750594232,0.7510778436360029,0.7973989204580549
5.299248120300756,0.22278529227964153,-0.3970730244661508,0.6071124613257765,0.0025125603126760336,-0.20635941541564895,-0.3198639557314246,-0.1508717703615078,0.6061295099028132,-0.03705716897977327,-0.325461491389863,-0.1693042741067295,0.2559429060939805,-0.2980087082418781,-1.7785933349999998,1.8399823895448206,-0.39609357017871966,0.16662115433424712,0.05819668219292166,0.737680650317622,-0.6891028972116895,-0.12060947739946756,0.7529038349557231,0.7970024488292052
5.307609022556395,0.2226517658079084,-0.3998453635042935,0.6077689674636587,0.002096264817439586,-0.20465827454616692,-0.3194134002745574,-0.1518883441133855,0.6043646841556037,-0.037376357594861895,-0.32587701200860386,-0.1691482729181372,0.2543558219505017,-0.29632459121876686,-1.7790733350000003,1.8340537698121222,-0.39617342832853025,0.16294837605175383,0.05616281188138773,0.7430131740620023,-0.6898285731919132,-0.09358673967375494,0.7546409178089009,0.7964246037302947
5.315969924812034,0.22247004166444354,-0.402487963626562,0.6082593363215231,0.00161670525542792,-0.20271758425948827,-0.31878724612202913,-0.15271202144639162,0.6022385487072924,-0.03771733685068872,-0.3262622625158371,-0.16877229226115345,0.2523557472782208,-0.29420636867594285,-1.7753733350000003,1.8281176937826429,-0.39628516073764214,0.15910124833937414,0.05405686214732977,0.7482600152442989,-0.6907790845989061,-0.0656513320686099,0.7562139435516755,0.7956540913332841
5.324330827067673,0.22223768254377518,-0.40498191337803807,0.6085701022194975,0.0010743771796278357,-0.20052906001673154,-0.31798440889848556,-0.15333504076433468,0.599757641876567,-0.03807099681370307,-0.3265945270536564,-0.1681771251068446,0.2499367360183547,-0.2916456748816265,-1.774293335,1.8222152788158774,-0.3964218273007923,0.15513524194261902,0.05190707488859388,0.7533913931320002,-0.6919341318003572,-0.03694027164460092,0.757543879274322,0.794678535096829
5.3326917293233125,0.2219538957611342,-0.4073108128628989,0.6086891715247189,0.0004702186439213415,-0.19808537298472695,-0.3170039165799338,-0.15375558504663642,0.5969437499523759,-0.03842999220846254,-0.3268577219296191,-0.16736678838889596,0.2470941395581916,-0.28863607567741034,-1.7745533350000002,1.8163805934014212,-0.3965764824310727,0.15111082115721627,0.04974078672451026,0.7583793258542605,-0.6932681861082598,-0.007587095716946848,0.7585484814952943,0.7934844159211666
5.341052631578951,0.22161961687409315,-0.4094610338244213,0.6086060862283236,-0.00019435895026479746,-0.19538036305473055,-0.3158448782737466,-0.15397830661087658,0.5938333822734724,-0.038789441323161214,-0.3270438318789762,-0.1663484745356224,0.2438247166947838,-0.28517325724782566,-1.772973335,1.8106398598536455,-0.39674228815125084,0.14709078096084596,0.047583970790862226,0.7631979297019725,-0.6947510293628888,0.02227935257656248,0.7591430122968637,0.7920570249805038
5.349413533834591,0.2212375691169345,-0.4114219412980945,0.6083122649613933,-0.0009174453741674877,-0.1924092437330308,-0.31450644865160476,-0.15401445897293103,0.5904760394093372,-0.03914749903432428,-0.327153889938766,-0.16513246442941876,0.2401267364221043,-0.2812551968053501,-1.7728733350000003,1.8050107538910596,-0.39691261940772976,0.14313752569992308,0.04546101908665035,0.76782367704823,-0.6963484019374311,0.05253603953341706,0.759240991491959,0.7903804312848132
5.35777443609023,0.22081229728170576,-0.4131860731624708,0.6078012169324425,-0.001696612206875516,-0.1891687951531562,-0.3129877891684764,-0.15388162504633984,0.5869313883322813,-0.0395057660730501,-0.32719843711570645,-0.16373200258554785,0.2360000720714856,-0.27688231228928095,-1.7753733350000005,1.7995018122897308,-0.3970811597728453,0.13931043833364104,0.04339474255992982,0.7722356084856413,-0.6980227461241781,0.08306674398153145,0.7587549779857672,0.7884374659002518
5.3661353383458685,0.2203501750261385,-0.41474927452945537,0.6070687247134494,-0.002528900244514238,-0.1856575415808726,-0.31128802737864536,-0.15360305883118203,0.5832655409542448,-0.0398695042322934,-0.32719742462908635,-0.16216313582234823,0.23144628539645942,-0.2720575884106165,-1.776433335,1.7941119585777205,-0.39724198595899896,0.1356634839846122,0.04140655105731986,0.7764154955901381,-0.6997340297090554,0.11376293694604518,0.7575973731394547,0.7862097246036752
5.374496240601507,0.21985938495418322,-0.4161107845829991,0.6061129923176061,-0.003410814239827901,-0.1818759099668357,-0.3094062158082687,-0.15320668386516678,0.5795467007731919,-0.040247636534454886,-0.32717955022124096,-0.16044451716512162,0.22646869927308305,-0.26678667665247313,-1.7762133349999998,1.7888301553799109,-0.39738963985467896,0.1322431781402084,0.03951676319863396,0.7803479516057364,-0.7014406326881604,0.14452452849049147,0.7556812386611882,0.7836775905631304
5.382857142857147,0.21934987119480398,-0.4172732741825337,0.6049347555912856,-0.004338325414045442,-0.17782636634536683,-0.3073412919582791,-0.15272381424359313,0.575840491673394,-0.04065252200344779,-0.32718104940214554,-0.1585971771798095,0.22107245778476842,-0.26107796715316905,-1.7777333350000002,1.7836351905450882,-0.3975191871011574,0.12908702892389107,0.03774498787999388,0.784020488286147,-0.7031002785692453,0.17526047432120004,0.7529211213449029,0.7808202784244458
5.391218045112787,0.2188332645935913,-0.4182428332842266,0.6035373525755292,-0.005306882058325164,-0.17351352717805163,-0.3050920410877039,-0.15218768146631717,0.5722053095686991,-0.041099506106938855,-0.32724399104836815,-0.1566442653638871,0.21526457257558254,-0.2549426307528002,-1.7772533350000002,1.7784956026065843,-0.3976262615525913,0.12622253547236398,0.03611051493978203,0.7874235181110255,-0.7046709905673089,0.2058892368184768,0.7492338768524656,0.7776159009460851
5.3995789473684255,0.21832278102419536,-0.41902890798799736,0.6019267521680453,-0.006311428409429062,-0.168944243093482,-0.30265706346251176,-0.1516318616527982,0.5686880396156413,-0.04160625959742102,-0.3274141530689676,-0.15461076462469006,0.20905395448681047,-0.24839462986918945,-1.7714133350000003,1.7733697494622462,-0.3977070952941395,0.12366679205152155,0.03463265277713862,0.7905503020999894,-0.7061120522736763,0.23633909729083247,0.7445394846916639,0.7740415590626571
5.407939849624064,0.21783309371695525,-0.4196441877796491,0.6001115401239353,-0.0073464318457543455,-0.1641276528743247,-0.3000347477467417,-0.15108870216941114,0.5653204589676867,-0.04219192981010072,-0.3277385765548513,-0.15252318224391448,0.20245142963689375,-0.24145069728024154,-1.765213335,1.7682060224283447,-0.397758534225201,0.12142671186801213,0.03333095536549827,0.7933968444587015,-0.7073849520710996,0.26654831840806864,0.7387618465814969,0.7700734559746477
5.416300751879703,0.21738018088477495,-0.4201044442937466,0.5981028621602359,-0.00840591830774846,-0.15907520598402758,-0.29722325215966605,-0.15058784433032826,0.5621165990824623,-0.04287613890429802,-0.32826291479696745,-0.15040922105595525,0.1954697392631187,-0.2341302823212433,-1.7637333350000004,1.7629432060453585,-0.3977780395406691,0.11949984754699527,0.03222528986585319,0.7959617362904599,-0.7084542906937727,0.29646515792391565,0.7318295605173607,0.7656870355610128
5.424661654135343,0.2169811502956954,-0.4204283236623089,0.5959143246636106,-0.00948351570344097,-0.15380065240118057,-0.2942204949249268,-0.1501549299555353,0.5590712756785093,-0.04367787253208115,-0.3290287058831596,-0.1482974348521649,0.18812352281290098,-0.22645546445139234,-1.762093335,1.7575109822122548,-0.39776367575510335,0.11787574902723362,0.03133570838250992,0.7982459515759585,-0.7092886318922019,0.3260477369178466,0.7236766630507346,0.760857145095638
5.4330225563909815,0.21665404279228326,-0.4206370952255638,0.5935618542297338,-0.010572504917773092,-0.14831999903247897,-0.29102415539580456,-0.14981056504118534,0.5561599132386986,-0.04461430951426869,-0.3300707036361444,-0.14621687225864524,0.18042928395129823,-0.21845083459741108,-1.7609533350000004,1.751830575421194,-0.39771408620620086,0.11653776625062906,0.030682102568468497,0.8002525995457078,-0.7098612771510465,0.3552637678379973,0.714243332578872,0.7555582219218281
5.441383458646621,0.2164176170846795,-0.4207543600528572,0.5910635179747045,-0.011665877906030514,-0.1426514324975602,-0.28763168705693737,-0.14956959483942148,0.5533397002338039,-0.04569964791644361,-0.3314144011207312,-0.14419671351805788,0.1724053393374532,-0.210143345136879,-1.7614133350000005,1.745815534077941,-0.397628457238673,0.11546517546062597,0.030283636854133333,0.8019866384270778,-0.7101509468069128,0.3840901495833132,0.7034765467967972,0.7497645034047429
5.44974436090226,0.2162911184419792,-0.4208057233438437,0.5884393072410887,-0.012756402219393852,-0.13681520861243837,-0.28404034337984935,-0.14944072275246092,0.5505520174278463,-0.04694398516805559,-0.333073873838493,-0.1422659047330133,0.16407175021390022,-0.20156212983318816,-1.7599333350000004,1.7393726411460628,-0.3975064725020031,0.11463548591497932,0.030157973994952646,0.8034545563251445,-0.7101423516975971,0.41251243869506443,0.6913306878928678,0.7434502591439637
5.458105263157899,0.21629403417098042,-0.42081843534256624,0.5857108879622713,-0.013836691186738066,-0.1308335094343492,-0.2802472172514646,-0.14942648226971084,0.5477259913799806,-0.04835230939754844,-0.3350500563786967,-0.14045279419747522,0.15545023704681862,-0.19273829547108023,-1.7561333350000004,1.7324029456662664,-0.39734825899071374,0.11402676978101473,0.030320324299917056,0.8046640256786823,-0.7098266416111623,0.44052420740970655,0.6777680895656288,0.7365900440912345
5.466466165413538,0.21644583899810932,-0.4208210058910934,0.5829013215376658,-0.01489927886355551,-0.12473026926088601,-0.2762492944062071,-0.14952354839533955,0.5447829449736363,-0.049923655935821945,-0.3373295473477858,-0.13878477545161233,0.14656407765012033,-0.18370468735993103,-1.7503733350000004,1.7248029050964475,-0.3971543266097114,0.11361985292316075,0.03078236620172096,0.8056235383065079,-0.7092017192516782,0.4681263008329639,0.6627595204983465,0.7291589708859836
5.474827067669177,0.21676573365587415,-0.4208427981671977,0.5800347605978365,-0.015936698758305005,-0.1185309714917347,-0.27204352097893575,-0.14972335420784075,0.5416414521713314,-0.051650477070654024,-0.33988401377144417,-0.13728794164379401,0.13743798941938895,-0.1744956312649187,-1.751693335,1.716465626912859,-0.3969255031569298,0.1134002087449848,0.03155109971140943,0.8063420285133597,-0.7082724111508277,0.49532600680794353,0.6462845995424001,0.7211329993976879
5.483187969924817,0.2172723801164384,-0.4209136074854554,0.5771361244935509,-0.016941565260476722,-0.11226241875361408,-0.26762688496419534,-0.15001296073188275,0.5382226597918234,-0.053518264845245064,-0.342670238994774,-0.13598675567087581,0.1280979964908287,-0.1651466546878212,-1.755133335,1.7072821965268572,-0.39666286667878353,0.11335941122636033,0.03262770483929418,0.8068284920489969,-0.7070504898773456,0.5221361531499522,0.6283321385249443,0.7124892411536375
5.491548872180456,0.21798363700938278,-0.4210632312877012,0.574230759718208,-0.01790665662486127,-0.10595247914999771,-0.26299651102398325,-0.1503761152495053,0.5344555180822735,-0.05550545633223236,-0.3456308287074069,-0.13490374039533903,0.11857128282323745,-0.1556941907437364,-1.7520933349999999,1.6971430773222886,-0.39636767716983556,0.11349602628536998,0.03400648351127124,0.8070916089016904,-0.7055545449710847,0.5485741477926743,0.6089004093027398,0.7032062760372502
5.4999097744360945,0.21891629880661695,-0.4213210366029313,0.5713440907622751,-0.01882499831432347,-0.09962981191906221,-0.258149767738812,-0.1507944252222415,0.5302815657087041,-0.057583638830567406,-0.34869555950433573,-0.13405919300681432,0.10888603237533438,-0.1461752681622932,-1.7502533349999998,1.685939567521599,-0.3960413095565924,0.11381585156286927,0.035673965339648485,0.8071393779525311,-0.7038097031932872,0.5746609780230639,0.5879973324250803,0.6932644783697702
5.508270676691733,0.2200858423535854,-0.4217155313158456,0.5685012670960284,-0.0196899454699324,-0.09332357615884364,-0.2530843860529279,-0.15124857241719655,0.5256589432585499,-0.05971805935911601,-0.35178332480555635,-0.1334709273084539,0.09907125771439435,-0.13662719117726554,-1.7489933350000002,1.6735652976583526,-0.39568518982754425,0.11433145217115022,0.03760825455056317,0.8069787714171482,-0.7018472018749231,0.600420185367943,0.5656405855362687,0.6826463492407451
5.516631578947373,0.22150618427194563,-0.4222739455460782,0.5657268120792578,-0.020495263263419487,-0.08706312660122925,-0.24779858733190402,-0.1517194944931642,0.5205653604565267,-0.06186842924818792,-0.35480460540546677,-0.13315404736871606,0.0891566185429894,-0.12708721325293593,-1.7449533350000004,1.6599177516823826,-0.39530073604956234,0.11506098195938377,0.03977868743200991,0.806615416756113,-0.6997038222950123,0.6258768328298032,0.541857630433777,0.6713368517336833
5.524992481203012,0.2231894526550769,-0.4230218293070741,0.5630442796014562,-0.02123520389313924,-0.0808777006803933,-0.24229121913719,-0.1521894686859152,0.5149998124733555,-0.06399000117939013,-0.3576643677066087,-0.13312075559036668,0.07917223176679389,-0.11759220872579758,-1.741153335,1.644899794161597,-0.39488930584763193,0.11602632420984844,0.04214585713346688,0.8060533133465938,-0.6974211930651927,0.6510564810523658,0.5166856584935344,0.6593237455061197
5.5333533834586515,0.22514577632510305,-0.42398267238629883,0.560475924162797,-0.02190457901118425,-0.07479610134170211,-0.23656189653509332,-0.15264304348453184,0.5089829250636313,-0.06603488331769215,-0.36026527294236504,-0.13338019781556243,0.06914847484608545,-0.10817834651373205,-1.7420133350000002,1.6284211856797264,-0.3944521517246337,0.11725062997470662,0.044662046075272445,0.8052945906803335,-0.6950449763713991,0.6759841896315156,0.4901714549701086,0.6465979170309388
5.54171428571429,0.22738309472029614,-0.42517755207026237,0.5580423899159538,-0.022498826415915645,-0.06884638017004094,-0.23061114650423561,-0.15306777821539921,0.5025559009346007,-0.06795354381210487,-0.3625110663170152,-0.13393834761411685,0.05911578427517657,-0.09888077005997317,-1.7462533349999998,1.610400068368013,-0.3939903853653016,0.11875537400525878,0.04727208641154873,0.804339314193745,-0.6926239525671962,0.7006835591814229,0.4623711834682817,0.6331537016909571
5.550075187969929,0.22990699123717567,-0.4266248139333344,0.5557624239042216,-0.02301406991043723,-0.06305552547905693,-0.22444055279237776,-0.1534547660003181,0.49577813429125883,-0.06969644945177558,-0.3643100066312592,-0.1347979313974025,0.04910445111613112,-0.0897332876351363,-1.7472733350000003,1.5907644035546453,-0.3935049518091155,0.12055708498645724,0.04991464693623335,0.8031853440542588,-0.6902090209689338,0.7251758289296781,0.4333500926551694,0.6189891938437273
5.558436090225568,0.23272055256538987,-0.42833979042453163,0.5536526183567156,-0.0234471713126668,-0.05744915999317644,-0.2180528984065621,-0.15379893134073283,0.48872365038756194,-0.07121577510997,-0.3655781949654762,-0.13595839546928198,0.0391444155745791,-0.08076807701739405,-1.745013335,1.569453343769931,-0.39299661409687087,0.12266393633438533,0.0525239216811025,0.8018282513345935,-0.6878521367186655,0.7494790435632334,0.40318214803031205,0.6041065409402264
5.5667969924812075,0.23582425622924572,-0.4303345614285966,0.5517271864424387,-0.023795773705519618,-0.05205125267177094,-0.21145230280487373,-0.1540991083756735,0.48147660595345904,-0.0724671161433458,-0.3662426654027657,-0.1374159155748944,0.029265062645275487,-0.07201540840944312,-1.7424733350000003,1.546418521806674,-0.3924659487015963,0.1250724042276581,0.055031672472148734,0.8002612950170218,-0.6856052052112309,0.7736073017960953,0.3719495922870844,0.5885122177909634
5.575157894736847,0.23921588819180234,-0.43261776035517907,0.5499977753489408,-0.024058335134896195,-0.046883849070006235,-0.20464435079790752,-0.15435791860238307,0.4741261491614282,-0.07341113437155776,-0.36624411132485357,-0.13916344894531085,0.019495020872557816,-0.06350338923302143,-1.7426533350000009,1.5216252402004613,-0.39191335175327974,0.12776420934040272,0.05736955615548861,0.7984754621984618,-0.6835189567889921,0.7975700977002673,0.3397424384747369,0.5722172771271261
5.583518796992486,0.24289049199052662,-0.4351944286321635,0.5484733199466927,-0.02423415209695264,-0.041966824405349795,-0.19763621016633043,-0.15458147671357106,0.46676098010041267,-0.07401506974388612,-0.36553913695285223,-0.1411908282685184,0.009861966265579001,-0.055257734170059046,-1.746773335,1.4950535453577218,-0.3913390557656075,0.13070375696240208,0.05947164830091229,0.7964595727314533,-0.6816418251615811,0.8213717642561308,0.3066579007992643,0.5552375727031611
5.591879699248125,0.24684035046285208,-0.4380659207564626,0.5471599396368582,-0.024323372302565385,-0.037317663205220786,-0.19043673505968148,-0.15477895967173905,0.4594639717429951,-0.07425405426899884,-0.3641019447200156,-0.14348489645256304,0.00039243337994016004,-0.04730156349754688,-1.7463133350000004,1.4666991716123114,-0.39074315627870587,0.13383627645798346,0.061277060053032774,0.7942004483542652,-0.6800188532876801,0.8450110268623328,0.27279976847655635,0.5375939513307103
5.600240601503764,0.2510550006911833,-0.4412298612989157,0.5460608802686654,-0.024326996363790616,-0.032951269053723906,-0.1830565523614798,-0.15496207701783946,0.45230720596000984,-0.07411217206832506,-0.36192539372802923,-0.1460296804926787,-0.00888836447380195,-0.0396552323951419,-1.739773335,1.4365743417236105,-0.3901256475516741,0.13708683558197857,0.0627325343648888,0.7916831451550153,-0.6786906502497666,0.8684806727251368,0.23827772856695445,0.5193124104216084
5.608601503759402,0.2555212823558443,-0.44468015448084586,0.5451765022646206,-0.02424686821207668,-0.028879807538758677,-0.17550812838629853,-0.15514447983985682,0.445347749794822,-0.07358321921081518,-0.35902139176250175,-0.1488066022185077,-0.017956704007981206,-0.03233619349536194,-1.741653335,1.4047084117281676,-0.38948646617916666,0.14036036892176415,0.06379490282614057,0.7888912470000703,-0.6776924219590805,0.8917673401514518,0.20320664417122097,0.5004242178486956
5.616962406015042,0.2602234192372961,-0.44840704615026855,0.5445043153196929,-0.024085654228469512,-0.02511258503095667,-0.16780581351392285,-0.15534114225310455,0.4386244461478262,-0.0726711288792925,-0.3554206118352219,-0.1517947231875459,-0.026790507930901375,-0.02535889450158452,-1.7515933350000004,1.3711483496083217,-0.3888255412736477,0.14354281415416942,0.064433285125526,0.7858072163567956,-0.6770530973548238,0.9148514298276639,0.1677057947494958,0.4809659912060503
5.625323308270682,0.26514313316188787,-0.4523972371978198,0.5440390592570453,-0.02384681123939328,-0.021655965409697383,-0.15996586266101823,-0.1555677433664296,0.4321559239151704,-0.07139004089144443,-0.351171552650035,-0.15497102051394487,-0.03536948644074491,-0.018734712225143196,-1.7548133350000001,1.3359590389286138,-0.388142849654853,0.1465033969211434,0.06463092000264867,0.7824127977757379,-0.6767945701266227,0.937707138207901,0.13189808563342836,0.46097973386288194
5.6336842105263205,0.2702597892447462,-0.4566340466782941,0.5437728298409356,-0.02353454370505022,-0.018513326296505254,-0.15200642983764828,-0.15584007040307618,0.4259399503628075,-0.06976400906350631,-0.3463389894520721,-0.15831068998458267,-0.04367526270258113,-0.012471923896296753,-1.7536133350000003,1.2992234003962593,-0.387438474325391,0.14909804741502522,0.06438652917179577,0.7786894681880352,-0.6769310739199145,0.9603026111904073,0.09590923403445026,0.4405128255553169
5.642045112781959,0.2755505708553746,-0.4610976221551795,0.5436952475801102,-0.023153750598290553,-0.015685055770743025,-0.14394753542911537,-0.15617345587658554,0.4199541588462149,-0.06782635472694201,-0.3410018862017124,-0.16178747242325106,-0.05169148092599336,-0.006575716091789042,-1.7539133349999996,1.2610423262060215,-0.3867126643904235,0.15117387203319368,0.06371513365489193,0.7746189271401894,-0.6774687065166064,0.9826002143590292,0.059866939006152,0.41961796564470927
5.650406015037598,0.28099068232223184,-0.4657651940743046,0.5437936668152702,-0.02270996263719113,-0.013168589935555223,-0.1358110052765035,-0.15658225444936516,0.41415809410473786,-0.06561868923538651,-0.3352508608462925,-0.16537399892465812,-0.05940389583309215,-0.001048231101484096,-1.7521333350000003,1.2215344240119097,-0.38596589450320423,0.1525745447197249,0.06264826446676919,0.7701836191492633,-0.6784051156629711,1.0045569142372357,0.023900042894834293,0.39835306758656375
5.658766917293238,0.2865535770078393,-0.4706113703096594,0.5440534216845233,-0.02220927069184278,-0.010958491082768102,-0.12762038109459903,-0.1570793591831559,0.408496431474637,-0.0631896418905198,-0.32918531177015287,-0.16904215029785627,-0.06680044249411544,0.004111349964331737,-1.751693335,1.1808355694065489,-0.3851989218891544,0.15314642791170335,0.06123353562472005,0.7653672795347777,-0.6797293560957854,1.026124763272324,-0.011862308190648766,0.3767811035969117
5.6671278195488775,0.2922112080313907,-0.475608466419911,0.5444581049130897,-0.021658246332370505,-0.009046565583491829,-0.11940080225533041,-0.15767575300187903,0.40290315125838333,-0.06059334177271899,-0.32291032464612096,-0.172763425838052,-0.07387128570845039,0.008906688539335123,-1.7539133349999996,1.139098267861462,-0.38441283902030426,0.15274518529318462,0.059533575772872174,0.7601554943852383,-0.6814219239553407,1.0472514796634593,-0.04729149743997479,0.3549698989688874
5.675488721804516,0.297934298596549,-0.48072686661748504,0.5449898747890483,-0.02106385561853184,-0.0074220200162028035,-0.11117885946965325,-0.15838008975403337,0.39730639011576274,-0.05788771195559154,-0.31653348450699137,-0.1765093163901283,-0.08060884832058128,0.013344136149055835,-1.7548733349999999,1.0964908291649278,-0.3836091200794562,0.15124261050913776,0.057624343944790456,0.7545362647615559,-0.6834549712348402,1.0678811116930311,-0.08226025664169684,0.3329918759768607
5.683849624060155,0.3036926286027995,-0.4859354099916851,0.5456297851757926,-0.02043336734907142,-0.0060716534457942685,-0.10298242141152521,-0.15919830041724195,0.3916336514980235,-0.05513264207628277,-0.3101617177937839,-0.1802516765793287,-0.08700781808087467,0.017432550331673003,-1.7540133350000005,1.053196359465402,-0.3827896594683547,0.1485333698747914,0.055592883686617335,0.7485005648388349,-0.6857926992688219,1.087954774938003,-0.11664346466365555,0.3109237478040271
5.692210526315794,0.30945533398351754,-0.491201796150377,0.546358132983126,-0.01977425708929226,-0.004980083194988843,-0.09484043583460049,-0.16013322355692763,0.38581703920873134,-0.05238810990219668,-0.3038982835792191,-0.1839630910662269,-0.09306513288782656,0.021183081569719077,-1.7551133350000003,1.0094115780645712,-0.3819568007744607,0.14454134466701213,0.05353459648161222,0.7420428834518643,-0.6883919265805639,1.1074114496454646,-0.1503189183578206,0.28884616343687924
5.700571428571433,0.31519121502633896,-0.4964930041571853,0.547154817180332,-0.019094108376228994,-0.0041300009128048985,-0.08678270722569988,-0.16118426466481547,0.3797981829618055,-0.049712324183425215,-0.2978400225272644,-0.18761722973520217,-0.09877994447891103,0.024608934283566853,-1.760233335,0.965345468082072,-0.3811133548135454,0.1392252609006151,0.051550138786106946,0.7351617384454604,-0.6912028227634405,1.126188824670339,-0.18316806950453932,0.26684330498127734
5.708932330827072,0.32086904979435876,-0.501775718447479,0.5479997031923962,-0.01840051256085686,-0.003502455252182835,-0.07883965350923955,-0.16234709573802328,0.3735325515402112,-0.047159959648846575,-0.29207495708010767,-0.19118918684805639,-0.104153560868907,0.027725105308480543,-1.7668533350000002,0.9212177720114327,-0.3802626056062082,0.1325833119619158,0.04974206578737897,0.7278601533431414,-0.6941697965375355,1.1442241737058747,-0.21507672184404938,0.2450024393646281
5.717293233082712,0.32645790868230185,-0.5070167553097691,0.548872986379597,-0.01770096878473827,-0.003077157028528501,-0.07104204475413223,-0.16361341350595207,0.36699289554384673,-0.04478055057108588,-0.28668031770255775,-0.194655799386069,-0.10918936806492811,0.03054810360027263,-1.769793335,0.8772573449823534,-0.37940830342063814,0.12465651173671427,0.04821135822168242,0.7201460861382496,-0.6972325227727478,1.1614552490984584,-0.24593568273283403,0.22341342689156907
5.725654135338351,0.33192746611153057,-0.5121834835211045,0.5497555482640695,-0.017002785603529115,-0.0028328023501926463,-0.06342072723017755,-0.16497078105910012,0.36017162412951975,-0.04261710210421394,-0.28172104874736714,-0.19799594006264454,-0.11389273181373799,0.03309565518522622,-1.767373335,0.8337003802175255,-0.37855464431575037,0.11553056182726042,0.04705397551169524,0.7120328004794838,-0.7003270901726353,1.1778211783332007,-0.2756413645029166,0.20216818961114236
5.73401503759399,0.33724830539225464,-0.5172442328257122,0.5506292992361022,-0.016312985761325553,-0.0027474088972913708,-0.05600633650622587,-0.16640258226779636,0.35308199391799017,-0.04070496892510094,-0.2772488247145912,-0.20119078081176667,-0.11827088035670939,0.035386397583665415,-1.7683333350000003,0.7907885227035668,-0.37770623594181246,0.10533607429256416,0.04635757867447306,0.7035391701638748,-0.7033872485346118,1.193263348307825,-0.3040963311869282,0.18136014292637326
5.742375939849628,0.3423922128604654,-0.5221686841440442,0.5514775016475829,-0.015638215587782254,-0.0027986602823226485,-0.04882900356985294,-0.16788812038606737,0.34575806800386455,-0.039071039029641264,-0.2733015844840901,-0.20422402294082626,-0.12233276937845622,0.03743956808993901,-1.7766733350000001,0.7487668884676135,-0.37686804969286286,0.09424705862657849,0.04619855982819378,0.6946899086576755,-0.706345732101577,1.207726262778169,-0.33120978689373076,0.16108359432716463
5.750736842105268,0.3473324575300581,-0.5269282356916073,0.5522850674781307,-0.014984660434496488,-0.0029642532592220982,-0.041918058171302494,-0.1694028909002171,0.33825348308364145,-0.03773324738058706,-0.2699035686057945,-0.20708209057524202,-0.1260889305343041,0.039274690382066255,-1.786093335,0.7078820080475815,-0.37604535964924174,0.0824776554435126,0.04663950194825943,0.6855157163297863,-0.7091356335505893,1.2211583588540214,-0.35689800277116746,0.1414331135493854
5.759097744360907,0.3520440526856644,-0.5314963395690433,0.5530388251373315,-0.014357967488926029,-0.0032222424601529975,-0.03530173374756011,-0.17091905356830125,0.3306391375568122,-0.036700430068614225,-0.2670658239697125,-0.2097542845110586,-0.12955130512702956,0.04091126396022236,-1.7931133350000001,0.6683797137509774,-0.37524366909177204,0.0702771762162409,0.04772717338575749,0.6760533391908463,-0.7116918016708679,1.2335127691404817,-0.3810846801664606,0.12250287885205645
5.7674586466165465,0.35650399607649536,-0.5358488038510805,0.5537277504387275,-0.013763177204050646,-0.003551377333563057,-0.029006878361360497,-0.1724061196142767,0.3229999780054613,-0.03597251536121132,-0.26478712205946847,-0.212232894124035,-0.13273306467253268,0.04236846087390924,-1.7951133350000001,0.6305029911022771,-0.3744686257038235,0.05792358483199036,0.049491137466829115,0.6663455341691403,-0.7139522348024427,1.2447480170456189,-0.4037012482831118,0.10438600445600293
5.775819548872185,0.36069148565287407,-0.5399640557450617,0.5543431573408382,-0.01320466446141317,-0.003931426033731939,-0.023058676091815587,-0.17383185747615285,0.31543111153454945,-0.035541034109258136,-0.26305522227094086,-0.2145132655526391,-0.13564842024528326,0.043664834093322336,-1.795113335,0.5944898154723655,-0.37372592689601464,0.04571562905400983,0.051943029407160446,0.6564409373047821,-0.7158594416647049,1.2548286338947554,-0.4246870953278782,0.08717385449693169
5.784180451127824,0.3645881081113232,-0.5438233620014363,0.5548788446890567,-0.012686090445736169,-0.004343481170775169,-0.017480383236698965,-0.17516340502870317,0.3080335040240316,-0.03538991906936299,-0.2618484010093426,-0.2165938249702638,-0.13831242262570256,0.04481804171230275,-1.7980333350000002,0.5605709952577664,-0.37302121698324403,0.03396389469770789,0.05507652217467012,0.6463938326869828,-0.7173617413172281,1.2637256877871894,-0.4439897328346844,0.07095534910967477
5.792541353383463,0.36817799787664646,-0.5474110034294706,0.5553311958999712,-0.012210366052968784,-0.004770242569179897,-0.01229308353124374,-0.17636855882567287,0.30090953771954176,-0.03549655134033596,-0.2611371608068849,-0.21847605638085313,-0.14074075538149075,0.045844590940523726,-1.7994333350000005,0.5289680431271506,-0.372359978208064,0.022981109233484225,0.058867971325330296,0.6362638214745056,-0.71841447466907,1.2714172155818606,-0.46156489353627733,0.05581626847478281
5.800902255639103,0.3714479645454354,-0.5507144010911464,0.555699229295496,-0.011779627482625227,-0.0051962724994793165,-0.00751546635608716,-0.17741719293755273,0.29415869552849416,-0.035833002787086746,-0.2608860316467304,-0.22016443400356853,-0.14294952310193793,0.046759605554297326,-1.797873335,0.49989109677512156,-0.37174741783164467,0.013072061867963796,0.06327769779149954,0.6261153919040695,-0.7189811011819532,1.2778885509812787,-0.4773765638214881,0.0418385608207206
5.809263157894742,0.3743875872393711,-0.5537241925036668,0.555984597606129,-0.011395224482135936,-0.005608219237455253,-0.003163631600717772,-0.1782827428963318,0.2878736150817437,-0.036367416419099075,-0.26105537893134173,-0.22166630994750833,-0.14495503706734014,0.04757662013256603,-1.794513335,0.47353691031832396,-0.37118835369794234,0.0045235317881649854,0.06825183866772615,0.6160173927817588,-0.7190341561809586,1.283132543373007,-0.49139695245873966,0.029099660482016537
5.817624060150381,0.3769892747626929,-0.5564342569644428,0.5561915360077965,-0.011057721518361473,-0.005995005262946279,0.0007490755271396388,-0.17894367567480443,0.2821367155677634,-0.03706546247291082,-0.2616031387776801,-0.22299175850804434,-0.14677360067393358,0.04830740401207517,-1.7922933349999999,0.45008693693871865,-0.3706871008132095,-0.002405376242861431,0.07372467066300589,0.606042414543876,-0.7185560464666,1.2871496638584525,-0.503606397877983,0.017671822163851512
5.82598496240602,0.37924829092006285,-0.5588416899097742,0.5563267589215767,-0.010766911952315454,-0.00634797692949002,0.004212196895505963,-0.17938485605205665,0.2770175481438647,-0.037891806562069794,-0.26248641105341036,-0.2241533790332977,-0.1484212969476993,0.04896181745895575,-1.793373335,0.4297055226281391,-0.3702473615676414,-0.007492099996828126,0.07962129034143438,0.5962660835411864,-0.7175396646770335,1.2899479967219083,-0.5139932168769991,0.007621477555249256
5.834345864661659,0.38116274482230494,-0.5609467270172692,0.5563993066761673,-0.010521845090530562,-0.006661013009190223,0.007218258691284553,-0.179598714493432,0.27257096077745535,-0.03881152771582941,-0.26366285312699916,-0.22516605990398317,-0.1499137804676809,0.04954770207923315,-1.793613335,0.4125382299241938,-0.3698721222557412,-0.010558330432091959,0.0858605205819294,0.586766276719126,-0.7159888060316604,1.2915431164401867,-0.5225534981479696,-0.000991379634622448
5.842706766917298,0.38273354648153857,-0.5627526195499695,0.5564203439951064,-0.01032086578349458,-0.00693059013602318,0.009762831703288677,-0.17958612283871236,0.268836105522834,-0.039791428310979704,-0.265091831913431,-0.22604670673390423,-0.15126607598110417,0.05007080698493986,-1.7911133349999997,0.39871030935969465,-0.3695635585250065,-0.011476247966296094,0.09235790458089076,0.5776222653116335,-0.7139183746415976,1.2919578521759076,-0.5292908445009534,-0.008113774269822314
5.851067669172937,0.38396432846739215,-0.5642654632048895,0.5564029131103599,-0.01016166604133145,-0.007155803826150595,0.011844553420041577,-0.17935689226478765,0.2658362554221892,-0.04080118456789352,-0.2667353076064842,-0.22681393842372327,-0.15249238592889516,0.05053475170288126,-1.7848533350000002,0.38832533498788097,-0.3693229522980585,-0.010173026300824404,0.09902864759057424,0.5689137975139097,-0.7113543704346491,1.291221943506874,-0.5342160680876169,-0.013700290250040471
5.859428571428577,0.3848613348556513,-0.5654939834583065,0.55636164510703,-0.010041347942544616,-0.007338344435916854,0.013465111330419968,-0.1789298232868621,0.26357934405370387,-0.04181429507972124,-0.26855843862194567,-0.2274877551796885,-0.15360590901172205,0.05094102626738554,-1.7800333350000004,0.38146401880767056,-0.36915062257180636,-0.006633416605997862,0.10579037246260228,0.5607201313268108,-0.708333651842017,1.2893715928918343,-0.5373468432971911,-0.017713565326388094
5.8677894736842156,0.3854332791433754,-0.5664492810832755,0.5563124338572476,-0.009956496926256437,-0.007482428116805281,0.014629187446649438,-0.1783322595554675,0.2620590971974618,-0.04280879532753143,-0.2705299128773765,-0.22808918303477824,-0.1546186718143261,0.05128902838454958,-1.781453335,0.3781832172129084,-0.3690458723003079,-0.0009003046012451032,0.11256556762008652,0.5531190298514704,-0.7049034736551484,1.2864489220321416,-0.5387073223037787,-0.020124735056727842
5.876150375939854,0.385691173223953,-0.5671445421407614,0.5562720775920276,-0.009903264384939228,-0.007594683531096174,0.015344364707540222,-0.17759912491015684,0.26125659615899466,-0.04376771778813817,-0.2726220248102403,-0.22863989977592405,-0.1555413753707749,0.051576137001707954,-1.7786133350000002,0.37851514074477816,-0.36900695331848354,0.006926781991678879,0.1192836246365188,0.5461857322376539,-0.7011208038039267,1.2825013408336574,-0.5383277184872661,-0.020913821043232004
5.884511278195493,0.38564812990580766,-0.5675947173046867,0.5562578937761984,-0.009877458315955368,-0.0076839957915137615,0.015620996553653786,-0.17677145506004996,0.26114209781398995,-0.044679289503787654,-0.2748105297973011,-0.22916184748205828,-0.15638325839678482,0.051797821070271886,-1.771353335,0.38246677645650834,-0.36903105096571487,0.0166951518873403,0.12588238616583852,0.5399919142360349,-0.6970514271494815,1.277580839079818,-0.5362438631274302,-0.02007005900337985
5.892872180451133,0.38531914181398896,-0.5678161758642742,0.5562873134827349,-0.009874640648922715,-0.00776130977195737,0.01547204158369288,-0.17589446943029508,0.26167693794790103,-0.04553687127351871,-0.2770743173294658,-0.22967683710905787,-0.15715197873905243,0.051947781760793,-1.7700333350000004,0.39001953012491597,-0.3691142897266504,0.028204267255424742,0.13230915229535356,0.5346046528582293,-0.6927688486428858,1.2717432121732422,-0.5324967408813697,-0.017592162682831508
5.9012330827067725,0.38472083982962413,-0.5678263401466693,0.5563774618994874,-0.009890229744367169,-0.007839395593816453,0.014912865791425742,-0.17501526287140007,0.26281536116778154,-0.04633865437347172,-0.2793949510228708,-0.23020615071547146,-0.15785351439749723,0.05201812588398675,-1.769633335,0.40112909338608393,-0.36925176082725014,0.04121267499904389,0.13852112303424038,0.5300854099969637,-0.6883530122922846,1.2650472333704859,-0.527132009598049,-0.013488520120769808
5.909593984962411,0.38387123449368454,-0.5676433064126382,0.5565447319354012,-0.009919606459408438,-0.007932579713026484,0.013961015433838523,-0.1741802286288847,0.2645061505222309,-0.04708714138200933,-0.2817561270894881,-0.23077014700451107,-0.15849208526652475,0.05199956779803777,-1.7654533350000001,0.41572553865529743,-0.3694375723141004,0.05544626112140925,0.14448528503675756,0.5264890499930804,-0.6838888562251344,1.257553785805931,-0.5201995100011152,-0.007777319321041851
5.91795488721805,0.38278944402486414,-0.567285458493153,0.5568043581184312,-0.009958222100121244,-0.008056445607050324,0.012635964083572497,-0.17343235076249022,0.2666939698728846,-0.047788446800059635,-0.2841431032103263,-0.2313878758614454,-0.15907009651814813,0.051881656647932456,-1.7573533350000001,0.4337136424377899,-0.3696649217119568,0.07060748343474028,0.1501777801837406,0.523862906050204,-0.6794647276526751,1.249324968262976,-0.5117527706837568,-0.0004866009610185515
5.926315789473689,0.38149541277339455,-0.5667710805514119,0.557169998088745,-0.010001706529148585,-0.008227508579136199,0.010958837862428556,-0.17280852381217116,0.2693203781050459,-0.04845146032458725,-0.28654214698988384,-0.23207670749064216,-0.15958810431548515,0.05165302539337103,-1.751133335,0.4549734353706812,-0.36992619090652523,0.08638520005464073,0.15558282074690857,0.522245910089088,-0.6751706846692419,1.240423189093464,-0.5018485137093974,0.008345763620658572
5.9346766917293285,0.3800096240508767,-0.5661179753713036,0.5576533289854906,-0.010045974672172013,-0.008462869651030491,0.008952123229223239,-0.17233706801200407,0.27232452205178426,-0.04908692056013981,-0.288940047623996,-0.23285198160351098,-0.1600448043023427,0.05130165774392736,-1.754073335,0.4793609750817868,-0.370213062445341,0.10246469081329113,0.16069123910507654,0.5216678001025534,-0.671096714485059,1.2309102629027395,-0.49054616590247496,0.018672170281894763
5.943037593984967,0.3783528113390023,-0.5653430944891028,0.5582636659022825,-0.010087329668630117,-0.008779853897272987,0.0066393619971404465,-0.1720356083498664,0.27564356002243307,-0.0497064494587056,-0.2913237265287887,-0.2337266818790654,-0.16043704306597936,0.05081516883872215,-1.758753335,0.50670933573163,-0.37051665599818306,0.11853746681215536,0.16549877814151678,0.5221484183225238,-0.6673308998412611,1.2208465246046434,-0.4779073806480602,0.030435456251325103
5.951398496240607,0.3765456718864723,-0.5644621863013847,0.5590076093463517,-0.010122560940879159,-0.00919563887774631,0.004044838476839014,-0.17190947450785107,0.27921290581469205,-0.050321597799404594,-0.2936799730138063,-0.23471114061534604,-0.16075985251844196,0.050181095287318574,-1.7591333349999998,0.5368298059444995,-0.3708276832787833,0.13431047982990277,0.17000424057024033,0.5236971125503206,-0.6639575669427883,1.2102899752082172,-0.46399557470195435,0.04356915042282527
5.959759398496246,0.37460858665339725,-0.5634894680014841,0.5598887282816428,-0.010149035511656742,-0.009726879044926742,0.001193263777322328,-0.1719507561875066,0.28296641040011616,-0.05094294961478369,-0.2959953202748952,-0.2358127781162101,-0.1610065068898867,0.049387190032308445,-1.7532933350000002,0.5695132847556874,-0.3711366193106181,0.1495143773261988,0.17420762088130542,0.5263122518407428,-0.6610554492313655,1.199295473229643,-0.4488754841490551,0.057997798900581356
5.968120300751885,0.37256135045670513,-0.5624373268234747,0.5609072848714594,-0.010164780981674284,-0.010389332134143876,-0.0018905376561429356,-0.17213811530528023,0.2868366123728173,-0.05157932881322704,-0.29825606571202584,-0.23703588091864117,-0.1611686017778266,0.048421717404672604,-1.745013335,0.6045318632270429,-0.3714338875299803,0.16391049861300364,0.17810834208448542,0.5299808663833572,-0.6586959016808712,1.1879139849361895,-0.43261274324258114,0.0736373642507597
5.976481203007523,0.37042291601009275,-0.5613160556122606,0.5620600064678178,-0.010168558686452686,-0.011197493586276449,-0.005181934230411336,-0.172437414595742,0.2907551871612314,-0.05223714461616348,-0.30044842852795345,-0.23838142246637287,-0.1612361544520548,0.047273743722015135,-1.743353335,0.6416405775325987,-0.371710055867564,0.1772963709163891,0.18170371106364464,0.5346784199076555,-0.6569412000164048,1.1761919057340966,-0.41527348941606834,0.09039569624761773
5.984842105263163,0.368211155340125,-0.5601336271979575,0.5633399097303876,-0.010159925682758465,-0.012164245001211186,-0.008656781214850437,-0.17280317355449057,0.2946537086434478,-0.05291990419357714,-0.30255882738599943,-0.23984692928271775,-0.16119772437882235,0.04593341882774032,-1.7433933350000002,0.6805793176097099,-0.37195604064311544,0.18950953739872745,0.1849876915980829,0.5403687212718994,-0.6558429583336404,1.1641704639231731,-0.3969239972900971,0.10817307124620246
5.993203007518803,0.3659426417992543,-0.5588955114405569,0.5647361810072985,-0.01013928436844518,-0.013300522476993589,-0.012291697889632294,-0.17318081025258056,0.2984648062429937,-0.05362791148200068,-0.304574252181451,-0.2414263950963003,-0.16104055270232565,0.044392244085682014,-1.7412333349999998,0.7210748739268485,-0.3721633148531644,0.20042962914407308,0.1879500737758969,0.5470039801006574,-0.6554406970359887,1.1518852167740343,-0.37763034400299167,0.1268627966769771
6.0015639097744415,0.3636324555905265,-0.5576045381363179,0.5662341162841683,-0.010107918713054977,-0.014615010455222193,-0.016064323452306746,-0.1735095746476543,0.3021237581611044,-0.05435816109435071,-0.3064826971946993,-0.2431102447358415,-0.16075071920922349,0.04264332252811998,-1.7365733349999994,0.7628431035530084,-0.37232411723544623,0.2099786757140093,0.190576093736953,0.5545250094375567,-0.6557605908351435,1.1393656474587002,-0.3574581076859772,0.14635187654609638
6.00992481203008,0.36129401537194805,-0.5562608082507838,0.5678151231186577,-0.010068016267758077,-0.01611386637059578,-0.019953547686705212,-0.17372602910976614,0.3055705105860385,-0.05510442599318703,-0.30827361840599543,-0.2448853489427614,-0.16031331510513516,0.04068158710303517,-1.7304533349999995,0.8055911955398457,-0.37243165836027087,0.2181197301319804,0.19284652980471925,0.5628615764037949,-0.6568144238088293,1.1266348698035389,-0.33647210038527003,0.16652173324468314
6.018285714285719,0.35893893812588606,-0.5548616551760117,0.5694567860390924,-0.01002267532938493,-0.017800480995690388,-0.023939712854425105,-0.17376788846545485,0.3087520578298204,-0.05585752770920337,-0.3099383757825001,-0.24673509056212012,-0.15971262975309772,0.038504003275416906,-1.728873335,0.8490200146582739,-0.3724803199325915,0.22485396011579015,0.19473827163679,0.5719328998271427,-0.6585987752223403,1.1137094461590962,-0.3147361362132332,0.1872489804271663
6.026646616541359,0.3565769290659336,-0.5534016569133721,0.5711329959114029,-0.009975896851466272,-0.01967527888640488,-0.028004783789858628,-0.17357799818164832,0.3116250642232135,-0.056605768829331264,-0.3114706219702108,-0.24863948187265222,-0.15893234936479003,0.03610974260307009,-1.7254933350000004,0.8928265017761126,-0.3724658434914292,0.23021642440090492,0.19622532967602002,0.5816482917592931,-0.6610944560524176,1.100599321919733,-0.29231283499480276,0.20840624121802043
6.035007518796998,0.35421570291632853,-0.5518726992704939,0.5728141427837738,-0.009932560922159658,-0.021735562775690696,-0.03213248375565848,-0.17310820811343647,0.314158560240351,-0.05733549968804791,-0.3128666019587645,-0.25057533211488026,-0.15795576549778848,0.03350032432446089,-1.7215133349999998,0.9367061086301265,-0.37238550476687093,0.23427080789914814,0.19728022455581506,0.5919079377608969,-0.664266211967361,1.0873078784041845,-0.269263461170583,0.2298630055532078
6.043368421052637,0.35186093744352936,-0.5502640893442036,0.5744673707183303,-0.00989838786136944,-0.023975405140937992,-0.03630839423632805,-0.17232289258005057,0.31633650745762526,-0.05803178503485808,-0.31412533371615736,-0.25251646358216556,-0.1567659910977493,0.03067972245868663,-1.721573335,0.9803552444394781,-0.3722382700990158,0.2371034296613206,0.1978756717596879,0.6026038088331502,-0.6680627039885205,1.0738321039537988,-0.24564779723072575,0.25148652006195255
6.051729323308276,0.3495162596524541,-0.5485627177533684,0.576056892129492,-0.009879884223806115,-0.026385589492528443,-0.04052001750200416,-0.1712018765946295,0.3181600036605157,-0.05867913219630181,-0.31524864716574336,-0.2544339739626169,-0.15534618173454295,0.02765443641897197,-1.7188333349999998,1.023473711730944,-0.372024931536562,0.23881686135286678,0.19798645714500304,0.6136206959418629,-0.6724167732649986,1.0601628812467572,-0.22152405049013002,0.2731427035503717
6.060090225563915,0.3471832645878868,-0.546753267298995,0.5775443581848585,-0.009884274227670013,-0.028953603207295595,-0.04475680145053877,-0.1697425530488637,0.3196488937799502,-0.059262240077915536,-0.3162410677461497,-0.2562965419694374,-0.15367975961701802,0.024433523673893273,-1.712373335,1.0657671088993919,-0.37174821751245335,0.23952350024344954,0.1975913850590813,0.6248373562433442,-0.6772459914206879,1.0462853869922424,-0.1969487915813171,0.29469708086461427
6.068451127819554,0.3448615662114035,-0.544818464976086,0.5788892809019186,-0.009919417356563601,-0.03166368297142992,-0.04901012692125532,-0.16796101569023353,0.3208425661655636,-0.05976672832856968,-0.3171095406234011,-0.25807077268260187,-0.15175063793301038,0.021028593547053196,-1.7077333350000001,1.106949177407688,-0.3714128763360782,0.2393394294742389,0.1966751735408198,0.6361277584089879,-0.6824534928698361,1.032179598386353,-0.1719769226419418,0.3160157276906244
6.076812030075193,0.342548879362609,-0.5427393735544015,0.5800495017072513,-0.009993713101663502,-0.034496913113828534,-0.053273258355623854,-0.1658920859398685,0.3217997473095611,-0.06017980807536041,-0.31786300183230476,-0.25972157845436467,-0.14954344304989067,0.017453761818015348,-1.7062933350000002,1.1467440721336999,-0.3710257301406464,0.2383788704071169,0.19523017099630333,0.6473624128833696,-0.6879290804357957,1.0178208990087163,-0.14666167281398174,0.33696621869294185
6.085172932330833,0.340241131367119,-0.5404957182945729,0.5809817004282279,-0.010115994018743852,-0.03743137631455615,-0.057541259345924425,-0.16358817514416663,0.3225971602837581,-0.060490859684726235,-0.31851181261359546,-0.2612125907130497,-0.14704373212651697,0.013725566366581511,-1.704513335,1.184888534191196,-0.37059569737413045,0.23674948882596827,0.19325777586210424,0.6584097715233385,-0.6935505906397574,1.0031807752412172,-0.12105461835553387,0.35741857130796173
6.093533834586472,0.33793260142896,-0.5380662437822386,0.5816419379735389,-0.010295408467113965,-0.04044235537578623,-0.061810875250361955,-0.16111699409324015,0.32332698007723853,-0.06069188877058365,-0.31906708240384496,-0.2625065975412671,-0.14423820372980278,0.009862844680413405,-1.7028533350000001,1.2211339465769029,-0.37013378241508144,0.23454876105470682,0.19076945483154284,0.6691376798750843,-0.6991855002434227,0.9882275928224259,-0.09520572439733556,0.37724617748899997
6.101894736842111,0.3356160855479607,-0.5354290953552967,0.5819862253400206,-0.010541294571893366,-0.043502583956254864,-0.06608038565014682,-0.15855819434283575,0.3240930985776382,-0.060777838825339166,-0.3195399137942551,-0.26356600151272436,-0.1411148991177678,0.005886574614056248,-1.7005333350000003,1.2552482542160848,-0.36965303142234834,0.23186154071199086,0.18778727554224794,0.6794148643719032,-0.7046927511202893,0.9729274418356069,-0.06916340515763385,0.3963267157519238
6.110255639097749,0.33328308433895854,-0.532562219176113,0.5819711110696925,-0.010863047104522669,-0.04658254340674457,-0.07034942996956482,-0.15599909647863194,0.3250062978598864,-0.06074674700090889,-0.3199406088462937,-0.26435329195186946,-0.1376633919451858,0.0018196803371921869,-1.6956933349999999,1.2870177313801476,-0.3691684540811411,0.2287588953431257,0.18434389518395258,0.6891124359938963,-0.7099247663787592,0.9572450372847481,-0.04297459926302498,0.41454303599086423
6.118616541353389,0.330924010804427,-0.5294437746684143,0.5815542788815701,-0.011269979106514888,-0.04965080211501736,-0.0746188100637481,-0.15352972435281362,0.326178516698077,-0.06059973827527798,-0.3202778800811704,-0.2648315255374826,-0.1338749642667611,-0.0023131940667002926,-1.6926533350000001,1.3162485810164366,-0.3686969114772756,0.22529820835077807,0.18048197596164056,0.6981053914353713,-0.7147296269448571,0.9411446614594291,-0.01668485671094641,0.4317840097228525
6.126977443609028,0.3285284148300777,-0.5260525528030775,0.5806951469248922,-0.011771180186039518,-0.05267439308511594,-0.07889027399157857,-0.15123741714960476,0.32771647541603577,-0.06034086204395391,-0.32055811100937254,-0.2649648090087258,-0.1297427668548505,-0.006485940400970682,-1.694913335,1.3427683522452851,-0.36825697090673704,0.2215244693783745,0.17625303018845506,0.7062740925861384,-0.7189533746037613,0.9245911335401993,0.009661566047646815,0.4479453386766375
6.1353383458646675,0.32608522093811476,-0.5223683935820586,0.5793554599492952,-0.01237537349421093,-0.05561922484861534,-0.08316628552504059,-0.14920132909809128,0.3297149920683647,-0.05997678361426657,-0.32078471012893134,-0.2647187776527041,-0.12526196201255105,-0.01067126815776895,-1.6962933349999996,1.3664271641237822,-0.3678687289985735,0.21747260936890764,0.1717157302825693,0.7135057051554125,-0.7224424048596102,0.9075507913631272,0.03602160642915297,0.46293031496232795
6.143699248120306,0.32358297564844,-0.5183725960376967,0.5774998656666741,-0.013090773436535119,-0.058450520244048905,-0.08744978419501483,-0.14748714676641722,0.3322503728024821,-0.05951635071764397,-0.3209575989244339,-0.26406106325778617,-0.12042984724669548,-0.014841008524010121,-1.6951933350000001,1.387098725729601,-0.3675536050852612,0.21317067841323675,0.16693375033889685,0.7196955775541668,-0.7250459109541161,0.8899924699536205,0.06235329491360926,0.4766505264421018
6.152060150375945,0.3210101006668233,-0.5140483141364354,0.5750964666904564,-0.013924946193877508,-0.061133277114251296,-0.09174394083212978,-0.1461423542031338,0.3353742864173687,-0.05897006160097021,-0.32107286870273966,-0.26296174530711036,-0.11524595836691817,-0.018966436448763932,-1.6936333350000004,1.4046811446603877,-0.3673341072858882,0.2086436182233927,0.16197323450881077,0.7247485417021978,-0.7266183390273907,0.8718884613605863,0.08861565648362468,0.48902650136466186
6.160421052631584,0.3183551480426783,-0.5093809321508259,0.5721173396802888,-0.014884675116013508,-0.06363274456759807,-0.09605191362674793,-0.14519235600406144,0.33910853432805893,-0.05834946618898102,-0.32112263338811997,-0.26139377936104546,-0.10971215079424741,-0.023018606343715664,-1.6883733349999996,1.4190975181527774,-0.3672335742639986,0.20391734899322278,0.15690001154258462,0.728580118234756,-0.7270218137382068,0.8532154404740054,0.11476861751796848,0.4999882868234499
6.168781954887224,0.31560705341867124,-0.5043584133391976,0.5685390136911286,-0.015975833009218607,-0.06591490813475048,-0.10037660970305529,-0.14463772823066404,0.34344110077696327,-0.05766653498325126,-0.3210950960581322,-0.2593333968339053,-0.1038326580932623,-0.026968696766325437,-1.6826733349999998,1.4302963031774647,-0.36727589607447114,0.1990228741629906,0.1517766931355883,0.7311176096414648,-0.7261284937024134,0.8339553418902438,0.14077292114874726,0.5094759561463544
6.177142857142863,0.31275538353013843,-0.4989716161446518,0.5643429002209074,-0.01720326326780544,-0.0679469769329197,-0.10472045707894104,-0.1444528088359264,0.3483238144824106,-0.0569330316310502,-0.3209748365067033,-0.25676047070580515,-0.09761412698317061,-0.030788359280483665,-1.6790733349999998,1.4382514640400765,-0.36748521791385513,0.19400010697305095,0.14665980506449977,0.7323010661648499,-0.723822816861356,0.8140961734945461,0.16659005384364345,0.5174400409177952
6.185503759398502,0.30979057420363115,-0.4932145725886626,0.5595156680638154,-0.01857067169882545,-0.06969786582886485,-0.10908519166805686,-0.14458576592572528,0.35367187417897306,-0.05615992441091961,-0.3207433160077823,-0.25365884212099604,-0.09106562833256532,-0.03445006660424385,-1.6773733350000006,1.442962398188881,-0.3678856309285291,0.18890113958711285,0.1415971037490161,0.7320841108010491,-0.72000359734795,0.7936327532506241,0.19218218568679338,0.5238418839671832
6.193864661654141,0.30670415524944217,-0.4870847240827089,0.5540495567985014,-0.020080530760567067,-0.07113866557241522,-0.11347166367704616,-0.14496019790733336,0.35936539071620355,-0.05535686929509438,-0.3203795842891324,-0.2500166033040582,-0.08419864389735209,-0.037927455140020876,-1.681173335,1.4444536430768753,-0.36850085450829706,0.1837927080328696,0.13662522646836478,0.7304346114618195,-0.7145859375547793,0.7725673567111758,0.21751212650813487,0.5286539103250278
6.20222556390978,0.3034889588405334,-0.4805831105058663,0.5479426235620399,-0.02173399778066533,-0.07224309395535115,-0.11787966736500027,-0.1454782292763757,0.3652529831949125,-0.05453179291428214,-0.3198611630820444,-0.24582633276875662,-0.0770270288186001,-0.04119565703983483,-1.6855733350000004,1.44277436902512,-0.3693539146941799,0.17875765247543945,0.1317678110607435,0.7273351902523923,-0.7075029218920337,0.7509102639757775,0.24254329965638413,0.5318598138432087
6.210586466165419,0.3001393082169543,-0.4737145090878051,0.5411989186697261,-0.02353084854065457,-0.07298792123558141,-0.12230779767089296,-0.14602497491389413,0.37115734296890324,-0.05369059791045011,-0.31916507103360686,-0.24108527939404736,-0.0695669501540269,-0.04423161708606552,-1.681273335,1.437997665064676,-0.3704668234540541,0.17389522991263562,0.1270342010203904,0.7227835618688984,-0.6987070621072086,0.7286801962062545,0.2672397348306501,0.5334546578927312
6.218947368421058,0.2966511838470014,-0.46648752038477376,0.5338285866245597,-0.02546942741308167,-0.07335336335179186,-0.12675333668664904,-0.14647415993536556,0.3768825550088055,-0.05283700613787983,-0.3182689467448887,-0.23579549258976468,-0.0618368019706595,-0.047014389865024764,-1.6728933350000004,1.43021962667533,-0.37186026362566604,0.1693202021737692,0.12241882536684524,0.716792695294497,-0.6881714679661596,0.7059046333442195,0.29156608098571507,0.5334448892839618
6.227308270676698,0.29302236450972835,-0.4589145994295968,0.5258478901043692,-0.027546615017623677,-0.07332343683570003,-0.1312121723684993,-0.14669460681149354,0.38222284923784605,-0.05197254734185552,-0.31715222064436827,-0.22996389646232823,-0.053857097774134104,-0.04952541297370481,-1.671373335,1.419558256170849,-0.3735532842920421,0.16516069259768074,0.11790131074161203,0.7093907952454499,-0.6758907214991824,0.6826200063386608,0.31548763991221124,0.5318482652941178
6.235669172932337,0.2892525411331239,-0.4510120309634606,0.517279155603614,-0.029757814127089527,-0.0728862698028725,-0.13567875124832787,-0.14655724160000022,0.3869723529282916,-0.051096692728356624,-0.31579728263669005,-0.2236023066092287,-0.045650341289389475,-0.051748752325574084,-1.677253335,1.4061521881844177,-0.3755630112395241,0.16155487619563388,0.11344734743821208,0.7006211021560973,-0.6618814378202955,0.6588717589590184,0.3389704206713695,0.5286936944277681
6.244030075187975,0.28534340162293087,-0.44279984850473975,0.5081506405248923,-0.03209695430605139,-0.07203436396250824,-0.14014606624170162,-0.14594223077077853,0.39093533626516375,-0.05020712467596979,-0.3141905911849335,-0.2167273889104693,-0.037240876835563805,-0.05367131600462144,-1.6783333349999998,1.390159254267425,-0.37790437695512713,0.15864663665384107,0.10901029326715661,0.6905415118627763,-0.6461825006494014,0.6347142761154198,0.36198121464097105,0.5240209922714295
6.252390977443614,0.2812986853428656,-0.4343016978654179,0.4984963226454533,-0.03455651550767183,-0.07076480322412264,-0.14460567996271048,-0.14474584222542097,0.3939363926587777,-0.04930012616767714,-0.31232367077062,-0.20936056043565607,-0.02865472075223505,-0.05528303355246204,-1.6777933349999996,1.3717549020148054,-0.38058987435062486,0.15658038552931342,0.10453346120851006,0.6792240185182722,-0.62885496601607,0.6102106775057856,0.38448769051074466,0.5178805545261456
6.260751879699254,0.27712420635173046,-0.42554464657571267,0.4883556140096551,-0.037127570591748434,-0.06907940518595838,-0.14904778326062354,-0.1428866303155684,0.39582997754882393,-0.04837106674334946,-0.3101939484852301,-0.20152783333694047,-0.019919375532426696,-0.056576998054927045,-1.6730733350000002,1.3511304853574333,-0.3836293380600812,0.15549529111030183,0.09995300066138472,0.6667539866072745,-0.6099816331066257,0.5854324773318,0.4064585081579076,0.5103329500055647
6.2691127819548935,0.27282784496014545,-0.41655894150931966,0.47777300240237536,-0.03979984646286127,-0.06698481255640742,-0.15346128800281567,-0.14031057508962666,0.39650874650109674,-0.04741495625416353,-0.3078053866738051,-0.19325960334040887,-0.011063628497893496,-0.0575495689151752,-1.6692933350000003,1.3284914437054764,-0.38702975675111756,0.15551920382938592,0.09520124965070456,0.653229260206729,-0.5896662867366466,0.5604591127444022,0.42786344994275954,0.5014484370649254
6.277473684210532,0.2684195076327388,-0.40737771780246074,0.4667976246241698,-0.0425618032656046,-0.06449252237502869,-0.15783395245555865,-0.13699485927117036,0.39591018534681083,-0.04642703373208859,-0.305168876796359,-0.1845903851717468,-0.0021173370121722003,-0.05820043375242767,-1.6683133350000001,1.304055388476921,-0.39079511942491835,0.15676258967229006,0.0902104083264461,0.6387591198108291,-0.5680326213917134,0.5353773455666806,0.44867356759596994,0.4913064075723068
6.285834586466171,0.2639110557239406,-0.39803666291734774,0.4554827768002464,-0.045400730818015864,-0.06161885175240196,-0.16215253697186055,-0.1329500397706181,0.39402110967520115,-0.045403356484069325,-0.30230236961918866,-0.17555849794631467,0.006888797634973058,-0.05853262844090009,-1.6691733349999998,1.2780501161958124,-0.3949262981637612,0.15931279132895768,0.08491636396863957,0.6234630990878514,-0.5452228620839513,0.5102805436706305,0.4688613425288383,0.4799947631415345
6.29419548872181,0.2593162039903408,-0.3885736404030495,0.4438853678966014,-0.04830286121822174,-0.0583848397259621,-0.16640298709582363,-0.12822045973211638,0.3908797237104997,-0.04434135420235654,-0.2992307280394068,-0.16620570420973954,0.01592346542321653,-0.05855251489400104,-1.6710133349999996,1.250711567790425,-0.3994209692266066,0.16322892833933794,0.07926248564278242,0.6074696758259485,-0.5213961023269844,0.4852678501277348,0.48840085709038095,0.4676092289107154
6.302556390977449,0.2546503902633561,-0.3790282785432025,0.4320653234734308,-0.051253496326611775,-0.05481608571958482,-0.17057064064739816,-0.12288284703806007,0.3865750631045626,-0.04324031447194139,-0.29598530076909557,-0.1565768069238594,0.02495498953855905,-0.05826971679576468,-1.6697933349999998,1.2222817539600996,-0.40427357380263,0.1685377225217145,0.07320320339287244,0.5909148530303037,-0.4967263842481158,0.4604432498867709,0.507267974025161,0.45425261066636413
6.310917293233088,0.24993061808634892,-0.3694415296406309,0.4200849474648838,-0.05423714860995922,-0.05094252598526656,-0.17464045487038235,-0.11704314990317918,0.3812437945289185,-0.04210176947594471,-0.2926032272154956,-0.1467192092460871,0.033951572647540944,-0.057697014076077094,-1.671613335,1.1930066665108765,-0.4094753191197847,0.17523049471997199,0.06670719273525494,0.5739406476301984,-0.47140055015065463,0.4359145452321797,0.5254405211573987,0.4400340015758369
6.319278195488728,0.24517527451432647,-0.3598552061649768,0.40800825042345984,-0.0572376936380338,-0.046798150282915084,-0.1785972493192693,-0.11083176337131546,0.3750644981701962,-0.04092975877710112,-0.2891264956398512,-0.13668244244046668,0.042881545065882334,-0.0568501975098394,-1.6797533349999998,1.1631341953862984,-0.41501421998117816,0.1832615253480831,0.0597600000908709,0.5566935055198824,-0.4456158986356412,0.411792252621401,0.5428984781435273,0.4250679451961722
6.327639097744367,0.2404039256362702,-0.35031150037337516,0.3959002531965809,-0.06023853235031615,-0.04242066190634051,-0.18242595983491602,-0.10439739587022949,0.36824970784816236,-0.03973094952825441,-0.28560078752906326,-0.12651766767919811,0.051713612365996635,-0.055747885384267185,-1.685193335,1.1329120707453708,-0.42087518017709225,0.19254790702020821,0.052365968075528464,0.5393226626732015,-0.41957768162404646,0.38818843467067443,0.5596241619998802,0.4094735617718983
6.336000000000006,0.23563709270482924,-0.34085249429994185,0.3838262754035578,-0.06322276106302466,-0.03785108497760768,-0.18611189872130768,-0.09789990657677078,0.3610361181364528,-0.03851460300349587,-0.28207415058460095,-0.11627715783848734,0.06041709998155167,-0.05441130471479257,-1.6829933350000001,1.1025858488710623,-0.42704011260572977,0.20297094596541587,0.04454935023577525,0.5219784728237575,-0.3934964812312266,0.3652154820394531,0.5756024080267933,0.39337364511493195
